name,pos,team,opp,is_home,salary,game_date,home,away,name_key,is_dst
Ja'Marr Chase,WR,CIN,CLE,False,8100,2025-09-07,CLE,CIN,jamarr chase,False
Bijan Robinson,RB,ATL,TB,True,8000,2025-09-07,ATL,TB,bijan robinson,False
Jahmyr Gibbs,RB,DET,GB,False,7700,2025-09-07,GB,DET,jahmyr gibbs,False
Puka Nacua,WR,LAR,HOU,True,7600,2025-09-07,LAR,HOU,puka nacua,False
Nico Collins,WR,HOU,LAR,False,7400,2025-09-07,LAR,HOU,nico collins,False
Christian McCaffrey,RB,SF,SEA,False,7300,2025-09-07,SEA,SF,christian mccaffrey,False
Bucky Irving,RB,TB,ATL,False,7100,2025-09-07,ATL,TB,bucky irving,False
Amon-Ra St. Brown,WR,DET,GB,False,7100,2025-09-07,GB,DET,amonra st brown,False
Ashton Jeanty,RB,LV,NE,False,7000,2025-09-07,NE,LV,ashton jeanty,False
Jayden Daniels,QB,WAS,NYG,True,7000,2025-09-07,WAS,NYG,jayden daniels,False
Malik Nabers,WR,NYG,WAS,False,7000,2025-09-07,WAS,NYG,malik nabers,False
De'Von Achane,RB,MIA,IND,False,6900,2025-09-07,IND,MIA,devon achane,False
Joe Burrow,QB,CIN,CLE,False,6900,2025-09-07,CLE,CIN,joe burrow,False
Jonathan Taylor,RB,IND,MIA,True,6800,2025-09-07,IND,MIA,jonathan taylor,False
Brian Thomas Jr.,WR,JAC,,False,6800,2025-09-07,JAX,CAR,brian thomas,False
Tyreek Hill,WR,MIA,IND,False,6700,2025-09-07,IND,MIA,tyreek hill,False
Josh Jacobs,RB,GB,DET,True,6700,2025-09-07,GB,DET,josh jacobs,False
Baker Mayfield,QB,TB,ATL,False,6600,2025-09-07,ATL,TB,baker mayfield,False
Mike Evans,WR,TB,ATL,False,6600,2025-09-07,ATL,TB,mike evans,False
Chase Brown,RB,CIN,CLE,False,6600,2025-09-07,CLE,CIN,chase brown,False
Brock Bowers,TE,LV,NE,False,6500,2025-09-07,NE,LV,brock bowers,False
Drake London,WR,ATL,TB,True,6500,2025-09-07,ATL,TB,drake london,False
Jared Goff,QB,DET,GB,False,6500,2025-09-07,GB,DET,jared goff,False
Kyren Williams,RB,LAR,HOU,True,6500,2025-09-07,LAR,HOU,kyren williams,False
Breece Hall,RB,NYJ,PIT,True,6400,2025-09-07,NYJ,PIT,breece hall,False
Kyler Murray,QB,ARI,NO,False,6400,2025-09-07,NO,ARI,kyler murray,False
Tee Higgins,WR,CIN,CLE,False,6400,2025-09-07,CLE,CIN,tee higgins,False
Garrett Wilson,WR,NYJ,PIT,True,6300,2025-09-07,NYJ,PIT,garrett wilson,False
Alvin Kamara,RB,NO,ARI,True,6300,2025-09-07,NO,ARI,alvin kamara,False
Bo Nix,QB,DEN,TEN,True,6300,2025-09-07,DEN,TEN,bo nix,False
Trey McBride,TE,ARI,NO,False,6200,2025-09-07,NO,ARI,trey mcbride,False
Terry McLaurin,WR,WAS,NYG,True,6200,2025-09-07,WAS,NYG,terry mclaurin,False
Brock Purdy,QB,SF,SEA,False,6200,2025-09-07,SEA,SF,brock purdy,False
Joe Mixon,RB,HOU,LAR,False,6200,2025-09-07,LAR,HOU,joe mixon,False
James Conner,RB,ARI,NO,False,6100,2025-09-07,NO,ARI,james conner,False
Jordan Love,QB,GB,DET,True,6100,2025-09-07,GB,DET,jordan love,False
Davante Adams,WR,LAR,HOU,True,6100,2025-09-07,LAR,HOU,davante adams,False
Chuba Hubbard,RB,CAR,JAX,False,6000,2025-09-07,JAX,CAR,chuba hubbard,False
Courtland Sutton,WR,DEN,TEN,True,6000,2025-09-07,DEN,TEN,courtland sutton,False
C.J. Stroud,QB,HOU,LAR,False,6000,2025-09-07,LAR,HOU,cj stroud,False
DK Metcalf,WR,PIT,NYJ,False,5900,2025-09-07,NYJ,PIT,dk metcalf,False
Kenneth Walker III,RB,SEA,SF,True,5900,2025-09-07,SEA,SF,kenneth walker,False
Matthew Stafford,QB,LAR,HOU,True,5900,2025-09-07,LAR,HOU,matthew stafford,False
Tua Tagovailoa,QB,MIA,IND,False,5800,2025-09-07,IND,MIA,tua tagovailoa,False
Brian Robinson Jr.,RB,WAS,NYG,True,5800,2025-09-07,WAS,NYG,brian robinson,False
RJ Harvey,RB,DEN,TEN,True,5800,2025-09-07,DEN,TEN,rj harvey,False
Jaxon Smith-Njigba,WR,SEA,SF,True,5800,2025-09-07,SEA,SF,jaxon smithnjigba,False
George Kittle,TE,SF,SEA,False,5800,2025-09-07,SEA,SF,george kittle,False
Jaylen Waddle,WR,MIA,IND,False,5700,2025-09-07,IND,MIA,jaylen waddle,False
Bryce Young,QB,CAR,JAX,False,5700,2025-09-07,JAX,CAR,bryce young,False
Tony Pollard,RB,TEN,DEN,False,5700,2025-09-07,DEN,TEN,tony pollard,False
David Montgomery,RB,DET,GB,False,5700,2025-09-07,GB,DET,david montgomery,False
Michael Penix Jr.,QB,ATL,TB,True,5600,2025-09-07,ATL,TB,michael penix,False
Chris Godwin,WR,TB,ATL,False,5600,2025-09-07,ATL,TB,chris godwin,False
Tyrone Tracy Jr.,RB,NYG,WAS,False,5600,2025-09-07,WAS,NYG,tyrone tracy,False
Jerome Ford,RB,CLE,CIN,True,5600,2025-09-07,CLE,CIN,jerome ford,False
Drake Maye,QB,NE,LV,True,5500,2025-09-07,NE,LV,drake maye,False
TreVeyon Henderson,RB,NE,LV,True,5500,2025-09-07,NE,LV,treveyon henderson,False
Marvin Harrison Jr.,WR,ARI,NO,False,5500,2025-09-07,NO,ARI,marvin harrison,False
J.K. Dobbins,RB,DEN,TEN,True,5500,2025-09-07,DEN,TEN,jk dobbins,False
Jameson Williams,WR,DET,GB,False,5500,2025-09-07,GB,DET,jameson williams,False
Rhamondre Stevenson,RB,NE,LV,True,5400,2025-09-07,NE,LV,rhamondre stevenson,False
Justin Fields,QB,NYJ,PIT,True,5400,2025-09-07,NYJ,PIT,justin fields,False
Travis Etienne Jr.,RB,JAC,,False,5400,2025-09-07,JAX,CAR,travis etienne,False
Jerry Jeudy,WR,CLE,CIN,True,5400,2025-09-07,CLE,CIN,jerry jeudy,False
Jayden Reed,WR,GB,DET,True,5400,2025-09-07,GB,DET,jayden reed,False
Stefon Diggs,WR,NE,LV,True,5300,2025-09-07,NE,LV,stefon diggs,False
Kaleb Johnson,RB,PIT,NYJ,False,5300,2025-09-07,NYJ,PIT,kaleb johnson,False
Trevor Lawrence,QB,JAC,,False,5300,2025-09-07,JAX,CAR,trevor lawrence,False
Sam Darnold,QB,SEA,SF,True,5300,2025-09-07,SEA,SF,sam darnold,False
Isaac Guerendo,RB,SF,SEA,False,5300,2025-09-07,SEA,SF,isaac guerendo,False
Cooper Kupp,WR,SEA,SF,True,5300,2025-09-07,SEA,SF,cooper kupp,False
Geno Smith,QB,LV,NE,False,5200,2025-09-07,NE,LV,geno smith,False
Aaron Rodgers,QB,PIT,NYJ,False,5200,2025-09-07,NYJ,PIT,aaron rodgers,False
Jaylen Warren,RB,PIT,NYJ,False,5200,2025-09-07,NYJ,PIT,jaylen warren,False
Deebo Samuel Sr.,WR,WAS,NYG,True,5200,2025-09-07,WAS,NYG,deebo samuel,False
Tetairoa McMillan,WR,CAR,JAX,False,5200,2025-09-07,JAX,CAR,tetairoa mcmillan,False
Nick Chubb,RB,HOU,LAR,False,5200,2025-09-07,LAR,HOU,nick chubb,False
Woody Marks,RB,HOU,LAR,False,5200,2025-09-07,LAR,HOU,woody marks,False
Jakobi Meyers,WR,LV,NE,False,5100,2025-09-07,NE,LV,jakobi meyers,False
Rachaad White,RB,TB,ATL,False,5100,2025-09-07,ATL,TB,rachaad white,False
Anthony Richardson Sr.,QB,IND,MIA,True,5100,2025-09-07,IND,MIA,anthony richardson,False
Daniel Jones,QB,IND,MIA,True,5100,2025-09-07,IND,MIA,daniel jones,False
Chris Olave,WR,NO,ARI,True,5100,2025-09-07,NO,ARI,chris olave,False
Cam Skattebo,RB,NYG,WAS,False,5100,2025-09-07,WAS,NYG,cam skattebo,False
Quinshon Judkins,RB,CLE,CIN,True,5100,2025-09-07,CLE,CIN,quinshon judkins,False
Raheem Mostert,RB,LV,NE,False,5000,2025-09-07,NE,LV,raheem mostert,False
Tyler Allgeier,RB,ATL,TB,True,5000,2025-09-07,ATL,TB,tyler allgeier,False
Darnell Mooney,WR,ATL,TB,True,5000,2025-09-07,ATL,TB,darnell mooney,False
Russell Wilson,QB,NYG,WAS,False,5000,2025-09-07,WAS,NYG,russell wilson,False
Rico Dowdle,RB,CAR,JAX,False,5000,2025-09-07,JAX,CAR,rico dowdle,False
Travis Hunter,WR,JAC,,False,5000,2025-09-07,JAX,CAR,travis hunter,False
Cameron Ward,QB,TEN,DEN,False,5000,2025-09-07,DEN,TEN,cameron ward,False
Calvin Ridley,WR,TEN,DEN,False,5000,2025-09-07,DEN,TEN,calvin ridley,False
Sam LaPorta,TE,DET,GB,False,5000,2025-09-07,GB,DET,sam laporta,False
Braelon Allen,RB,NYJ,PIT,True,4900,2025-09-07,NYJ,PIT,braelon allen,False
Jaylen Wright,RB,MIA,IND,False,4900,2025-09-07,IND,MIA,jaylen wright,False
Michael Pittman Jr.,WR,IND,MIA,True,4900,2025-09-07,IND,MIA,michael pittman,False
Joe Flacco,QB,CLE,CIN,True,4900,2025-09-07,CLE,CIN,joe flacco,False
Kenny Pickett,QB,CLE,CIN,True,4900,2025-09-07,CLE,CIN,kenny pickett,False
Dillon Gabriel,QB,CLE,CIN,True,4900,2025-09-07,CLE,CIN,dillon gabriel,False
Shedeur Sanders,QB,CLE,CIN,True,4900,2025-09-07,CLE,CIN,shedeur sanders,False
Dylan Sampson,RB,CLE,CIN,True,4900,2025-09-07,CLE,CIN,dylan sampson,False
Zach Charbonnet,RB,SEA,SF,True,4900,2025-09-07,SEA,SF,zach charbonnet,False
Jauan Jennings,WR,SF,SEA,False,4900,2025-09-07,SEA,SF,jauan jennings,False
Matthew Golden,WR,GB,DET,True,4900,2025-09-07,GB,DET,matthew golden,False
DJ Giddens,RB,IND,MIA,True,4800,2025-09-07,IND,MIA,dj giddens,False
Spencer Rattler,QB,NO,ARI,True,4800,2025-09-07,NO,ARI,spencer rattler,False
Tyler Shough,QB,NO,ARI,True,4800,2025-09-07,NO,ARI,tyler shough,False
Jake Haener,QB,NO,ARI,True,4800,2025-09-07,NO,ARI,jake haener,False
Austin Ekeler,RB,WAS,NYG,True,4800,2025-09-07,WAS,NYG,austin ekeler,False
Jaleel McLaughlin,RB,DEN,TEN,True,4800,2025-09-07,DEN,TEN,jaleel mclaughlin,False
Brandon Aiyuk,WR,SF,SEA,False,4800,2025-09-07,SEA,SF,brandon aiyuk,False
Jayden Higgins,WR,HOU,LAR,False,4800,2025-09-07,LAR,HOU,jayden higgins,False
Andy Dalton,QB,CAR,JAX,False,4700,2025-09-07,JAX,CAR,andy dalton,False
Adam Thielen,WR,CAR,JAX,False,4700,2025-09-07,JAX,CAR,adam thielen,False
David Njoku,TE,CLE,CIN,True,4700,2025-09-07,CLE,CIN,david njoku,False
Tyjae Spears,RB,TEN,DEN,False,4700,2025-09-07,DEN,TEN,tyjae spears,False
MarShawn Lloyd,RB,GB,DET,True,4700,2025-09-07,GB,DET,marshawn lloyd,False
Dameon Pierce,RB,HOU,LAR,False,4700,2025-09-07,LAR,HOU,dameon pierce,False
Christian Kirk,WR,HOU,LAR,False,4700,2025-09-07,LAR,HOU,christian kirk,False
Kirk Cousins,QB,ATL,TB,True,4600,2025-09-07,ATL,TB,kirk cousins,False
Emeka Egbuka,WR,TB,ATL,False,4600,2025-09-07,ATL,TB,emeka egbuka,False
Josh Downs,WR,IND,MIA,True,4600,2025-09-07,IND,MIA,josh downs,False
Trey Benson,RB,ARI,NO,False,4600,2025-09-07,NO,ARI,trey benson,False
Rashid Shaheed,WR,NO,ARI,True,4600,2025-09-07,NO,ARI,rashid shaheed,False
Devin Singletary,RB,NYG,WAS,False,4600,2025-09-07,WAS,NYG,devin singletary,False
Tank Bigsby,RB,JAC,,False,4600,2025-09-07,JAX,CAR,tank bigsby,False
Zack Moss,RB,CIN,CLE,False,4600,2025-09-07,CLE,CIN,zack moss,False
Malik Willis,QB,GB,DET,True,4600,2025-09-07,GB,DET,malik willis,False
Joshua Dobbs,QB,NE,LV,True,4500,2025-09-07,NE,LV,joshua dobbs,False
Antonio Gibson,RB,NE,LV,True,4500,2025-09-07,NE,LV,antonio gibson,False
Jameis Winston,QB,NYG,WAS,False,4500,2025-09-07,WAS,NYG,jameis winston,False
Marcus Mariota,QB,WAS,NYG,True,4500,2025-09-07,WAS,NYG,marcus mariota,False
Jaxson Dart,QB,NYG,WAS,False,4500,2025-09-07,WAS,NYG,jaxson dart,False
Wan'Dale Robinson,WR,NYG,WAS,False,4500,2025-09-07,WAS,NYG,wandale robinson,False
Trevor Etienne,RB,CAR,JAX,False,4500,2025-09-07,JAX,CAR,trevor etienne,False
Marvin Mims Jr.,WR,DEN,TEN,True,4500,2025-09-07,DEN,TEN,marvin mims,False
Evan Engram,TE,DEN,TEN,True,4500,2025-09-07,DEN,TEN,evan engram,False
Ricky Pearsall,WR,SF,SEA,False,4500,2025-09-07,SEA,SF,ricky pearsall,False
Hendon Hooker,QB,DET,GB,False,4500,2025-09-07,GB,DET,hendon hooker,False
Davis Mills,QB,HOU,LAR,False,4500,2025-09-07,LAR,HOU,davis mills,False
Blake Corum,RB,LAR,HOU,True,4500,2025-09-07,LAR,HOU,blake corum,False
Jarquez Hunter,RB,LAR,HOU,True,4500,2025-09-07,LAR,HOU,jarquez hunter,False
Tyrod Taylor,QB,NYJ,PIT,True,4400,2025-09-07,NYJ,PIT,tyrod taylor,False
Calvin Austin III,WR,PIT,NYJ,False,4400,2025-09-07,NYJ,PIT,calvin austin,False
Alexander Mattison,RB,MIA,IND,False,4400,2025-09-07,IND,MIA,alexander mattison,False
Alec Pierce,WR,IND,MIA,True,4400,2025-09-07,IND,MIA,alec pierce,False
Tyler Warren,TE,IND,MIA,True,4400,2025-09-07,IND,MIA,tyler warren,False
Jacoby Brissett,QB,ARI,NO,False,4400,2025-09-07,NO,ARI,jacoby brissett,False
Bhayshul Tuten,RB,JAC,,False,4400,2025-09-07,JAX,CAR,bhayshul tuten,False
Jake Browning,QB,CIN,CLE,False,4400,2025-09-07,CLE,CIN,jake browning,False
Pierre Strong Jr.,RB,CLE,CIN,True,4400,2025-09-07,CLE,CIN,pierre strong,False
Cedric Tillman,WR,CLE,CIN,True,4400,2025-09-07,CLE,CIN,cedric tillman,False
Kenny McIntosh,RB,SEA,SF,True,4400,2025-09-07,SEA,SF,kenny mcintosh,False
Jimmy Garoppolo,QB,LAR,HOU,True,4400,2025-09-07,LAR,HOU,jimmy garoppolo,False
Kyle Williams,WR,NE,LV,True,4300,2025-09-07,NE,LV,kyle williams,False
Kyle Pitts Sr.,TE,ATL,TB,True,4300,2025-09-07,ATL,TB,kyle pitts,False
Zach Wilson,QB,MIA,IND,False,4300,2025-09-07,IND,MIA,zach wilson,False
Khalil Herbert,RB,IND,MIA,True,4300,2025-09-07,IND,MIA,khalil herbert,False
Kendre Miller,RB,NO,ARI,True,4300,2025-09-07,NO,ARI,kendre miller,False
Cam Akers,RB,NO,ARI,True,4300,2025-09-07,NO,ARI,cam akers,False
Nick Mullens,QB,JAC,,False,4300,2025-09-07,JAX,CAR,nick mullens,False
Dyami Brown,WR,JAC,,False,4300,2025-09-07,JAX,CAR,dyami brown,False
Jarrett Stidham,QB,DEN,TEN,True,4300,2025-09-07,DEN,TEN,jarrett stidham,False
Audric Estime,RB,DEN,TEN,True,4300,2025-09-07,DEN,TEN,audric estime,False
Drew Lock,QB,SEA,SF,True,4300,2025-09-07,SEA,SF,drew lock,False
Jalen Milroe,QB,SEA,SF,True,4300,2025-09-07,SEA,SF,jalen milroe,False
Jordan James,RB,SF,SEA,False,4300,2025-09-07,SEA,SF,jordan james,False
Romeo Doubs,WR,GB,DET,True,4300,2025-09-07,GB,DET,romeo doubs,False
Aidan O'Connell,QB,LV,NE,False,4200,2025-09-07,NE,LV,aidan oconnell,False
DeMario Douglas,WR,NE,LV,True,4200,2025-09-07,NE,LV,demario douglas,False
Mason Rudolph,QB,PIT,NYJ,False,4200,2025-09-07,NYJ,PIT,mason rudolph,False
Kenneth Gainwell,RB,PIT,NYJ,False,4200,2025-09-07,NYJ,PIT,kenneth gainwell,False
Jonnu Smith,TE,PIT,NYJ,False,4200,2025-09-07,NYJ,PIT,jonnu smith,False
Ollie Gordon II,RB,MIA,IND,False,4200,2025-09-07,IND,MIA,ollie gordon,False
Michael Wilson,WR,ARI,NO,False,4200,2025-09-07,NO,ARI,michael wilson,False
Xavier Legette,WR,CAR,JAX,False,4200,2025-09-07,JAX,CAR,xavier legette,False
Mac Jones,QB,SF,SEA,False,4200,2025-09-07,SEA,SF,mac jones,False
Emanuel Wilson,RB,GB,DET,True,4200,2025-09-07,GB,DET,emanuel wilson,False
Jack Bech,WR,LV,NE,False,4100,2025-09-07,NE,LV,jack bech,False
Cordarrelle Patterson,RB,PIT,NYJ,False,4100,2025-09-07,NYJ,PIT,cordarrelle patterson,False
Kyle Trask,QB,TB,ATL,False,4100,2025-09-07,ATL,TB,kyle trask,False
Jalen McMillan,WR,TB,ATL,False,4100,2025-09-07,ATL,TB,jalen mcmillan,False
Riley Leonard,QB,IND,MIA,True,4100,2025-09-07,IND,MIA,riley leonard,False
Michael Carter,RB,ARI,NO,False,4100,2025-09-07,NO,ARI,michael carter,False
Brandin Cooks,WR,NO,ARI,True,4100,2025-09-07,NO,ARI,brandin cooks,False
Zach Ertz,TE,WAS,NYG,True,4100,2025-09-07,WAS,NYG,zach ertz,False
Samaje Perine,RB,CIN,CLE,False,4100,2025-09-07,CLE,CIN,samaje perine,False
Trayveon Williams,RB,CLE,CIN,True,4000,2025-09-07,CLE,CIN,trayveon williams,False
Nate Noel,RB,IND,MIA,True,4000,2025-09-07,IND,MIA,nate noel,False
Ben Wooldridge,QB,NE,LV,True,4000,2025-09-07,NE,LV,ben wooldridge,False
Cam Miller,QB,LV,NE,False,4000,2025-09-07,NE,LV,cam miller,False
Lan Larison,RB,NE,LV,True,4000,2025-09-07,NE,LV,lan larison,False
Terrell Jennings,RB,NE,LV,True,4000,2025-09-07,NE,LV,terrell jennings,False
Brock Lampe,RB,NE,LV,True,4000,2025-09-07,NE,LV,brock lampe,False
Sincere McCormick,RB,LV,NE,False,4000,2025-09-07,NE,LV,sincere mccormick,False
Zamir White,RB,LV,NE,False,4000,2025-09-07,NE,LV,zamir white,False
Dylan Laube,RB,LV,NE,False,4000,2025-09-07,NE,LV,dylan laube,False
Chris Collier,RB,LV,NE,False,4000,2025-09-07,NE,LV,chris collier,False
Will Howard,QB,PIT,NYJ,False,4000,2025-09-07,NYJ,PIT,will howard,False
Skylar Thompson,QB,PIT,NYJ,False,4000,2025-09-07,NYJ,PIT,skylar thompson,False
Adrian Martinez,QB,NYJ,PIT,True,4000,2025-09-07,NYJ,PIT,adrian martinez,False
Brady Cook,QB,NYJ,PIT,True,4000,2025-09-07,NYJ,PIT,brady cook,False
Isaiah Davis,RB,NYJ,PIT,True,4000,2025-09-07,NYJ,PIT,isaiah davis,False
Trey Sermon,RB,PIT,NYJ,False,4000,2025-09-07,NYJ,PIT,trey sermon,False
Evan Hull,RB,PIT,NYJ,False,4000,2025-09-07,NYJ,PIT,evan hull,False
Max Hurleman,RB,PIT,NYJ,False,4000,2025-09-07,NYJ,PIT,max hurleman,False
Kene Nwangwu,RB,NYJ,PIT,True,4000,2025-09-07,NYJ,PIT,kene nwangwu,False
Zach Evans,RB,NYJ,PIT,True,4000,2025-09-07,NYJ,PIT,zach evans,False
Donovan Edwards,RB,NYJ,PIT,True,4000,2025-09-07,NYJ,PIT,donovan edwards,False
Andrew Beck,RB,NYJ,PIT,True,4000,2025-09-07,NYJ,PIT,andrew beck,False
Michael Pratt,QB,TB,ATL,False,4000,2025-09-07,ATL,TB,michael pratt,False
Connor Bazelak,QB,TB,ATL,False,4000,2025-09-07,ATL,TB,connor bazelak,False
Easton Stick,QB,ATL,TB,True,4000,2025-09-07,ATL,TB,easton stick,False
Emory Jones,QB,ATL,TB,True,4000,2025-09-07,ATL,TB,emory jones,False
Sean Tucker,RB,TB,ATL,False,4000,2025-09-07,ATL,TB,sean tucker,False
D.J. Williams,RB,TB,ATL,False,4000,2025-09-07,ATL,TB,dj williams,False
Josh Williams,RB,TB,ATL,False,4000,2025-09-07,ATL,TB,josh williams,False
Carlos Washington Jr.,RB,ATL,TB,True,4000,2025-09-07,ATL,TB,carlos washington,False
Elijah Dotson,RB,ATL,TB,True,4000,2025-09-07,ATL,TB,elijah dotson,False
Jashaun Corbin,RB,ATL,TB,True,4000,2025-09-07,ATL,TB,jashaun corbin,False
Nathan Carter,RB,ATL,TB,True,4000,2025-09-07,ATL,TB,nathan carter,False
Quinn Ewers,QB,MIA,IND,False,4000,2025-09-07,IND,MIA,quinn ewers,False
Jason Bean,QB,IND,MIA,True,4000,2025-09-07,IND,MIA,jason bean,False
Alec Ingold,RB,MIA,IND,False,4000,2025-09-07,IND,MIA,alec ingold,False
Tyler Goodson,RB,IND,MIA,True,4000,2025-09-07,IND,MIA,tyler goodson,False
Salvon Ahmed,RB,IND,MIA,True,4000,2025-09-07,IND,MIA,salvon ahmed,False
Ulysses Bentley IV,RB,IND,MIA,True,4000,2025-09-07,IND,MIA,ulysses bentley,False
Clayton Tune,QB,ARI,NO,False,4000,2025-09-07,NO,ARI,clayton tune,False
Hunter Dekkers,QB,NO,ARI,True,4000,2025-09-07,NO,ARI,hunter dekkers,False
Emari Demercado,RB,ARI,NO,False,4000,2025-09-07,NO,ARI,emari demercado,False
DeeJay Dallas,RB,ARI,NO,False,4000,2025-09-07,NO,ARI,deejay dallas,False
Zonovan Knight,RB,ARI,NO,False,4000,2025-09-07,NO,ARI,zonovan knight,False
Devin Neal,RB,NO,ARI,True,4000,2025-09-07,NO,ARI,devin neal,False
Velus Jones Jr.,RB,NO,ARI,True,4000,2025-09-07,NO,ARI,velus jones,False
Marcus Yarns,RB,NO,ARI,True,4000,2025-09-07,NO,ARI,marcus yarns,False
Clyde Edwards-Helaire,RB,NO,ARI,True,4000,2025-09-07,NO,ARI,clyde edwardshelaire,False
Tommy DeVito,QB,NYG,WAS,False,4000,2025-09-07,WAS,NYG,tommy devito,False
Josh Johnson,QB,WAS,NYG,True,4000,2025-09-07,WAS,NYG,josh johnson,False
Sam Hartman,QB,WAS,NYG,True,4000,2025-09-07,WAS,NYG,sam hartman,False
Chris Rodriguez Jr.,RB,WAS,NYG,True,4000,2025-09-07,WAS,NYG,chris rodriguez,False
Jeremy McNichols,RB,WAS,NYG,True,4000,2025-09-07,WAS,NYG,jeremy mcnichols,False
Jacory Croskey-Merritt,RB,WAS,NYG,True,4000,2025-09-07,WAS,NYG,jacory croskeymerritt,False
Demetric Felton,RB,WAS,NYG,True,4000,2025-09-07,WAS,NYG,demetric felton,False
Eric Gray,RB,NYG,WAS,False,4000,2025-09-07,WAS,NYG,eric gray,False
Dante Miller,RB,NYG,WAS,False,4000,2025-09-07,WAS,NYG,dante miller,False
Rushawn Baker,RB,NYG,WAS,False,4000,2025-09-07,WAS,NYG,rushawn baker,False
Kazmeir Allen,RB,WAS,NYG,True,4000,2025-09-07,WAS,NYG,kazmeir allen,False
Darius Slayton,WR,NYG,WAS,False,4000,2025-09-07,WAS,NYG,darius slayton,False
John Wolford,QB,JAC,,False,4000,2025-09-07,JAX,CAR,john wolford,False
Seth Henigan,QB,JAC,,False,4000,2025-09-07,JAX,CAR,seth henigan,False
Jack Plummer,QB,CAR,JAX,False,4000,2025-09-07,JAX,CAR,jack plummer,False
Raheem Blackshear,RB,CAR,JAX,False,4000,2025-09-07,JAX,CAR,raheem blackshear,False
LeQuint Allen Jr.,RB,JAC,,False,4000,2025-09-07,JAX,CAR,lequint allen,False
Ja'Quinden Jackson,RB,JAC,,False,4000,2025-09-07,JAX,CAR,jaquinden jackson,False
Emani Bailey,RB,CAR,JAX,False,4000,2025-09-07,JAX,CAR,emani bailey,False
Kay'Ron Lynch-Adams,RB,CAR,JAX,False,4000,2025-09-07,JAX,CAR,kayron lynchadams,False
Jonathon Brooks,RB,CAR,JAX,False,4000,2025-09-07,JAX,CAR,jonathon brooks,False
Deshaun Watson,QB,CLE,CIN,True,4000,2025-09-07,CLE,CIN,deshaun watson,False
Payton Thorne,QB,CIN,CLE,False,4000,2025-09-07,CLE,CIN,payton thorne,False
Desmond Ridder,QB,CIN,CLE,False,4000,2025-09-07,CLE,CIN,desmond ridder,False
Ahmani Marshall,RB,CLE,CIN,True,4000,2025-09-07,CLE,CIN,ahmani marshall,False
Troy Hairston,RB,CLE,CIN,True,4000,2025-09-07,CLE,CIN,troy hairston,False
Tahj Brooks,RB,CIN,CLE,False,4000,2025-09-07,CLE,CIN,tahj brooks,False
Gary Brightwell,RB,CIN,CLE,False,4000,2025-09-07,CLE,CIN,gary brightwell,False
Kendall Milton,RB,CIN,CLE,False,4000,2025-09-07,CLE,CIN,kendall milton,False
Quali Conley,RB,CIN,CLE,False,4000,2025-09-07,CLE,CIN,quali conley,False
Will Levis,QB,TEN,DEN,False,4000,2025-09-07,DEN,TEN,will levis,False
Brandon Allen,QB,TEN,DEN,False,4000,2025-09-07,DEN,TEN,brandon allen,False
Tim Boyle,QB,TEN,DEN,False,4000,2025-09-07,DEN,TEN,tim boyle,False
Sam Ehlinger,QB,DEN,TEN,True,4000,2025-09-07,DEN,TEN,sam ehlinger,False
Jermar Jefferson,RB,TEN,DEN,False,4000,2025-09-07,DEN,TEN,jermar jefferson,False
Julius Chestnut,RB,TEN,DEN,False,4000,2025-09-07,DEN,TEN,julius chestnut,False
Kalel Mullings,RB,TEN,DEN,False,4000,2025-09-07,DEN,TEN,kalel mullings,False
Jordan Mims,RB,TEN,DEN,False,4000,2025-09-07,DEN,TEN,jordan mims,False
Tyler Badie,RB,DEN,TEN,True,4000,2025-09-07,DEN,TEN,tyler badie,False
Blake Watson,RB,DEN,TEN,True,4000,2025-09-07,DEN,TEN,blake watson,False
Michael Burton,RB,DEN,TEN,True,4000,2025-09-07,DEN,TEN,michael burton,False
Tyler Lockett,WR,TEN,DEN,False,4000,2025-09-07,DEN,TEN,tyler lockett,False
Kurtis Rourke,QB,SF,SEA,False,4000,2025-09-07,SEA,SF,kurtis rourke,False
Tanner Mordecai,QB,SF,SEA,False,4000,2025-09-07,SEA,SF,tanner mordecai,False
Patrick Taylor Jr.,RB,SF,SEA,False,4000,2025-09-07,SEA,SF,patrick taylor,False
Damien Martinez,RB,SEA,SF,True,4000,2025-09-07,SEA,SF,damien martinez,False
George Holani,RB,SEA,SF,True,4000,2025-09-07,SEA,SF,george holani,False
Jacardia Wright,RB,SEA,SF,True,4000,2025-09-07,SEA,SF,jacardia wright,False
Robbie Ouzts,RB,SEA,SF,True,4000,2025-09-07,SEA,SF,robbie ouzts,False
Corey Kiner,RB,SF,SEA,False,4000,2025-09-07,SEA,SF,corey kiner,False
Kyle Juszczyk,RB,SF,SEA,False,4000,2025-09-07,SEA,SF,kyle juszczyk,False
Brady Russell,RB,SEA,SF,True,4000,2025-09-07,SEA,SF,brady russell,False
Sean Clifford,QB,GB,DET,True,4000,2025-09-07,GB,DET,sean clifford,False
Taylor Elgersma,QB,GB,DET,True,4000,2025-09-07,GB,DET,taylor elgersma,False
Kyle Allen,QB,DET,GB,False,4000,2025-09-07,GB,DET,kyle allen,False
Chris Brooks,RB,GB,DET,True,4000,2025-09-07,GB,DET,chris brooks,False
Amar Johnson,RB,GB,DET,True,4000,2025-09-07,GB,DET,amar johnson,False
Jalen White,RB,GB,DET,True,4000,2025-09-07,GB,DET,jalen white,False
Craig Reynolds,RB,DET,GB,False,4000,2025-09-07,GB,DET,craig reynolds,False
Sione Vaki,RB,DET,GB,False,4000,2025-09-07,GB,DET,sione vaki,False
Kye Robichaux,RB,DET,GB,False,4000,2025-09-07,GB,DET,kye robichaux,False
Jabari Small,RB,DET,GB,False,4000,2025-09-07,GB,DET,jabari small,False
Christian Watson,WR,GB,DET,True,4000,2025-09-07,GB,DET,christian watson,False
Tucker Kraft,TE,GB,DET,True,4000,2025-09-07,GB,DET,tucker kraft,False
Stetson Bennett IV,QB,LAR,HOU,True,4000,2025-09-07,LAR,HOU,stetson bennett,False
Dresser Winn,QB,LAR,HOU,True,4000,2025-09-07,LAR,HOU,dresser winn,False
Graham Mertz,QB,HOU,LAR,False,4000,2025-09-07,LAR,HOU,graham mertz,False
Kedon Slovis,QB,HOU,LAR,False,4000,2025-09-07,LAR,HOU,kedon slovis,False
Ronnie Rivers,RB,LAR,HOU,True,4000,2025-09-07,LAR,HOU,ronnie rivers,False
Cody Schrader,RB,LAR,HOU,True,4000,2025-09-07,LAR,HOU,cody schrader,False
Jordan Waters,RB,LAR,HOU,True,4000,2025-09-07,LAR,HOU,jordan waters,False
Dare Ogunbowale,RB,HOU,LAR,False,4000,2025-09-07,LAR,HOU,dare ogunbowale,False
J.J. Taylor,RB,HOU,LAR,False,4000,2025-09-07,LAR,HOU,jj taylor,False
British Brooks,RB,HOU,LAR,False,4000,2025-09-07,LAR,HOU,british brooks,False
Jawhar Jordan,RB,HOU,LAR,False,4000,2025-09-07,LAR,HOU,jawhar jordan,False
Hunter Henry,TE,NE,LV,True,3900,2025-09-07,NE,LV,hunter henry,False
Allen Lazard,WR,NYJ,PIT,True,3900,2025-09-07,NYJ,PIT,allen lazard,False
Diontae Johnson,WR,CLE,CIN,True,3900,2025-09-07,CLE,CIN,diontae johnson,False
Devaughn Vele,WR,DEN,TEN,True,3900,2025-09-07,DEN,TEN,devaughn vele,False
Demarcus Robinson,WR,SF,SEA,False,3900,2025-09-07,SEA,SF,demarcus robinson,False
Kayshon Boutte,WR,NE,LV,True,3800,2025-09-07,NE,LV,kayshon boutte,False
Cade Otton,TE,TB,ATL,False,3800,2025-09-07,ATL,TB,cade otton,False
Parker Washington,WR,JAC,,False,3800,2025-09-07,JAX,CAR,parker washington,False
Broncos,DST,DEN,TEN,True,3800,2025-09-07,DEN,TEN,broncos,False
Marquez Valdes-Scantling,WR,SEA,SF,True,3800,2025-09-07,SEA,SF,marquez valdesscantling,False
Jaylin Noel,WR,HOU,LAR,False,3800,2025-09-07,LAR,HOU,jaylin noel,False
Ray-Ray McCloud III,WR,ATL,TB,True,3700,2025-09-07,ATL,TB,rayray mccloud,False
Taysom Hill,TE,NO,ARI,True,3700,2025-09-07,NO,ARI,taysom hill,False
Jaylin Lane,WR,WAS,NYG,True,3700,2025-09-07,WAS,NYG,jaylin lane,False
Commanders,DST,WAS,NYG,True,3700,2025-09-07,WAS,NYG,commanders,False
Jalen Coker,WR,CAR,JAX,False,3700,2025-09-07,JAX,CAR,jalen coker,False
Andrei Iosivas,WR,CIN,CLE,False,3700,2025-09-07,CLE,CIN,andrei iosivas,False
Dont'e Thornton Jr.,WR,LV,NE,False,3600,2025-09-07,NE,LV,donte thornton,False
Mike Gesicki,TE,CIN,CLE,False,3600,2025-09-07,CLE,CIN,mike gesicki,False
Bengals,DST,CIN,CLE,False,3600,2025-09-07,CLE,CIN,bengals,False
Tim Patrick,WR,DET,GB,False,3600,2025-09-07,GB,DET,tim patrick,False
John Metchie III,WR,HOU,LAR,False,3600,2025-09-07,LAR,HOU,john metchie,False
Tutu Atwell,WR,LAR,HOU,True,3600,2025-09-07,LAR,HOU,tutu atwell,False
Nick Westbrook-Ikhine,WR,MIA,IND,False,3500,2025-09-07,IND,MIA,nick westbrookikhine,False
Darren Waller,TE,MIA,IND,False,3500,2025-09-07,IND,MIA,darren waller,False
Greg Dortch,WR,ARI,NO,False,3500,2025-09-07,NO,ARI,greg dortch,False
Cardinals,DST,ARI,NO,False,3500,2025-09-07,NO,ARI,cardinals,False
Luke McCaffrey,WR,WAS,NYG,True,3500,2025-09-07,WAS,NYG,luke mccaffrey,False
Troy Franklin,WR,DEN,TEN,True,3500,2025-09-07,DEN,TEN,troy franklin,False
Jacob Cowing,WR,SF,SEA,False,3500,2025-09-07,SEA,SF,jacob cowing,False
Dalton Schultz,TE,HOU,LAR,False,3500,2025-09-07,LAR,HOU,dalton schultz,False
Robert Woods,WR,PIT,NYJ,False,3400,2025-09-07,NYJ,PIT,robert woods,False
Adonai Mitchell,WR,IND,MIA,True,3400,2025-09-07,IND,MIA,adonai mitchell,False
Van Jefferson,WR,TEN,DEN,False,3400,2025-09-07,DEN,TEN,van jefferson,False
Pat Bryant,WR,DEN,TEN,True,3400,2025-09-07,DEN,TEN,pat bryant,False
Chig Okonkwo,TE,TEN,DEN,False,3400,2025-09-07,DEN,TEN,chig okonkwo,False
Dontayvion Wicks,WR,GB,DET,True,3400,2025-09-07,GB,DET,dontayvion wicks,False
Tyler Higbee,TE,LAR,HOU,True,3400,2025-09-07,LAR,HOU,tyler higbee,False
Rams,DST,LAR,HOU,True,3400,2025-09-07,LAR,HOU,rams,False
Kendrick Bourne,WR,NE,LV,True,3300,2025-09-07,NE,LV,kendrick bourne,False
Josh Reynolds,WR,NYJ,PIT,True,3300,2025-09-07,NYJ,PIT,josh reynolds,False
Steelers,DST,PIT,NYJ,False,3300,2025-09-07,NYJ,PIT,steelers,False
Zay Jones,WR,ARI,NO,False,3300,2025-09-07,NO,ARI,zay jones,False
Juwan Johnson,TE,NO,ARI,True,3300,2025-09-07,NO,ARI,juwan johnson,False
Brenton Strange,TE,JAC,,False,3300,2025-09-07,JAX,CAR,brenton strange,False
Xavier Restrepo,WR,TEN,DEN,False,3300,2025-09-07,DEN,TEN,xavier restrepo,False
Jordan Watkins,WR,SF,SEA,False,3300,2025-09-07,SEA,SF,jordan watkins,False
Savion Williams,WR,GB,DET,True,3300,2025-09-07,GB,DET,savion williams,False
Pat Freiermuth,TE,PIT,NYJ,False,3200,2025-09-07,NYJ,PIT,pat freiermuth,False
KhaDarel Hodge,WR,ATL,TB,True,3200,2025-09-07,ATL,TB,khadarel hodge,False
Malik Washington,WR,MIA,IND,False,3200,2025-09-07,IND,MIA,malik washington,False
Michael Gallup,WR,WAS,NYG,True,3200,2025-09-07,WAS,NYG,michael gallup,False
Hunter Renfrow,WR,CAR,JAX,False,3200,2025-09-07,JAX,CAR,hunter renfrow,False
Jaguars,DST,JAC,,False,3200,2025-09-07,JAX,CAR,jaguars,False
Treylon Burks,WR,TEN,DEN,False,3200,2025-09-07,DEN,TEN,treylon burks,False
Kalif Raymond,WR,DET,GB,False,3200,2025-09-07,GB,DET,kalif raymond,False
Tank Dell,WR,HOU,LAR,False,3200,2025-09-07,LAR,HOU,tank dell,False
Terrance Ferguson,TE,LAR,HOU,True,3200,2025-09-07,LAR,HOU,terrance ferguson,False
Tre Tucker,WR,LV,NE,False,3100,2025-09-07,NE,LV,tre tucker,False
Mack Hollins,WR,NE,LV,True,3100,2025-09-07,NE,LV,mack hollins,False
Patriots,DST,NE,LV,True,3100,2025-09-07,NE,LV,patriots,False
Mason Taylor,TE,NYJ,PIT,True,3100,2025-09-07,NYJ,PIT,mason taylor,False
Sterling Shepard,WR,TB,ATL,False,3100,2025-09-07,ATL,TB,sterling shepard,False
Bub Means,WR,NO,ARI,True,3100,2025-09-07,NO,ARI,bub means,False
Noah Brown,WR,WAS,NYG,True,3100,2025-09-07,WAS,NYG,noah brown,False
Jermaine Burton,WR,CIN,CLE,False,3100,2025-09-07,CLE,CIN,jermaine burton,False
Harold Fannin Jr.,TE,CLE,CIN,True,3100,2025-09-07,CLE,CIN,harold fannin,False
Elic Ayomanor,WR,TEN,DEN,False,3100,2025-09-07,DEN,TEN,elic ayomanor,False
Isaac TeSlaa,WR,DET,GB,False,3100,2025-09-07,GB,DET,isaac teslaa,False
Jordan Whittington,WR,LAR,HOU,True,3100,2025-09-07,LAR,HOU,jordan whittington,False
Donovan Peoples-Jones,WR,NO,ARI,True,3000,2025-09-07,NO,ARI,donovan peoplesjones,False
Quintez Cephus,WR,HOU,LAR,False,3000,2025-09-07,LAR,HOU,quintez cephus,False
Isaiah Neyor,WR,GB,DET,True,3000,2025-09-07,GB,DET,isaiah neyor,False
Phillip Dorsett II,WR,LV,NE,False,3000,2025-09-07,NE,LV,phillip dorsett,False
Seth Williams,WR,LV,NE,False,3000,2025-09-07,NE,LV,seth williams,False
Ja'Lynn Polk,WR,NE,LV,True,3000,2025-09-07,NE,LV,jalynn polk,False
Javon Baker,WR,NE,LV,True,3000,2025-09-07,NE,LV,javon baker,False
Efton Chism III,WR,NE,LV,True,3000,2025-09-07,NE,LV,efton chism,False
John Jiles,WR,NE,LV,True,3000,2025-09-07,NE,LV,john jiles,False
DeMeer Blankumsee,WR,NE,LV,True,3000,2025-09-07,NE,LV,demeer blankumsee,False
Jeremiah Webb,WR,NE,LV,True,3000,2025-09-07,NE,LV,jeremiah webb,False
Tommy Mellott,WR,LV,NE,False,3000,2025-09-07,NE,LV,tommy mellott,False
Alex Bachman,WR,LV,NE,False,3000,2025-09-07,NE,LV,alex bachman,False
Collin Johnson,WR,LV,NE,False,3000,2025-09-07,NE,LV,collin johnson,False
Kyle Philips,WR,LV,NE,False,3000,2025-09-07,NE,LV,kyle philips,False
Shedrick Jackson,WR,LV,NE,False,3000,2025-09-07,NE,LV,shedrick jackson,False
Ketron Jackson Jr.,WR,LV,NE,False,3000,2025-09-07,NE,LV,ketron jackson,False
Michael Mayer,TE,LV,NE,False,3000,2025-09-07,NE,LV,michael mayer,False
Roman Wilson,WR,PIT,NYJ,False,3000,2025-09-07,NYJ,PIT,roman wilson,False
Scotty Miller,WR,PIT,NYJ,False,3000,2025-09-07,NYJ,PIT,scotty miller,False
Ben Skowronek,WR,PIT,NYJ,False,3000,2025-09-07,NYJ,PIT,ben skowronek,False
Brandon Johnson,WR,PIT,NYJ,False,3000,2025-09-07,NYJ,PIT,brandon johnson,False
Lance McCutcheon,WR,PIT,NYJ,False,3000,2025-09-07,NYJ,PIT,lance mccutcheon,False
Roc Taylor,WR,PIT,NYJ,False,3000,2025-09-07,NYJ,PIT,roc taylor,False
Ke'Shawn Williams,WR,PIT,NYJ,False,3000,2025-09-07,NYJ,PIT,keshawn williams,False
Montana Lemonious-Craig,WR,PIT,NYJ,False,3000,2025-09-07,NYJ,PIT,montana lemoniouscraig,False
Malachi Corley,WR,NYJ,PIT,True,3000,2025-09-07,NYJ,PIT,malachi corley,False
Arian Smith,WR,NYJ,PIT,True,3000,2025-09-07,NYJ,PIT,arian smith,False
Tyler Johnson,WR,NYJ,PIT,True,3000,2025-09-07,NYJ,PIT,tyler johnson,False
Xavier Gipson,WR,NYJ,PIT,True,3000,2025-09-07,NYJ,PIT,xavier gipson,False
Irvin Charles,WR,NYJ,PIT,True,3000,2025-09-07,NYJ,PIT,irvin charles,False
Brandon Smith,WR,NYJ,PIT,True,3000,2025-09-07,NYJ,PIT,brandon smith,False
Ontaria Wilson,WR,NYJ,PIT,True,3000,2025-09-07,NYJ,PIT,ontaria wilson,False
Dymere Miller,WR,NYJ,PIT,True,3000,2025-09-07,NYJ,PIT,dymere miller,False
Jamaal Pritchett,WR,NYJ,PIT,True,3000,2025-09-07,NYJ,PIT,jamaal pritchett,False
Quentin Skinner,WR,NYJ,PIT,True,3000,2025-09-07,NYJ,PIT,quentin skinner,False
Trey Palmer,WR,TB,ATL,False,3000,2025-09-07,ATL,TB,trey palmer,False
Tez Johnson,WR,TB,ATL,False,3000,2025-09-07,ATL,TB,tez johnson,False
Ryan Miller,WR,TB,ATL,False,3000,2025-09-07,ATL,TB,ryan miller,False
Rakim Jarrett,WR,TB,ATL,False,3000,2025-09-07,ATL,TB,rakim jarrett,False
Kameron Johnson,WR,TB,ATL,False,3000,2025-09-07,ATL,TB,kameron johnson,False
Dennis Houston,WR,TB,ATL,False,3000,2025-09-07,ATL,TB,dennis houston,False
Garrett Greene,WR,TB,ATL,False,3000,2025-09-07,ATL,TB,garrett greene,False
Casey Washington,WR,ATL,TB,True,3000,2025-09-07,ATL,TB,casey washington,False
Jamal Agnew,WR,ATL,TB,True,3000,2025-09-07,ATL,TB,jamal agnew,False
Chris Blair,WR,ATL,TB,True,3000,2025-09-07,ATL,TB,chris blair,False
Dylan Drummond,WR,ATL,TB,True,3000,2025-09-07,ATL,TB,dylan drummond,False
Jesse Matthews,WR,ATL,TB,True,3000,2025-09-07,ATL,TB,jesse matthews,False
David Sills V,WR,ATL,TB,True,3000,2025-09-07,ATL,TB,david sills v,False
Nick Nash,WR,ATL,TB,True,3000,2025-09-07,ATL,TB,nick nash,False
Makai Polk,WR,ATL,TB,True,3000,2025-09-07,ATL,TB,makai polk,False
Quincy Skinner Jr.,WR,ATL,TB,True,3000,2025-09-07,ATL,TB,quincy skinner,False
Buccaneers,DST,TB,ATL,False,3000,2025-09-07,ATL,TB,buccaneers,False
Dee Eskridge,WR,MIA,IND,False,3000,2025-09-07,IND,MIA,dee eskridge,False
Erik Ezukanma,WR,MIA,IND,False,3000,2025-09-07,IND,MIA,erik ezukanma,False
Tahj Washington,WR,MIA,IND,False,3000,2025-09-07,IND,MIA,tahj washington,False
Tarik Black,WR,MIA,IND,False,3000,2025-09-07,IND,MIA,tarik black,False
Theo Wease Jr.,WR,MIA,IND,False,3000,2025-09-07,IND,MIA,theo wease,False
Andrew Armstrong,WR,MIA,IND,False,3000,2025-09-07,IND,MIA,andrew armstrong,False
Monaray Baldwin,WR,MIA,IND,False,3000,2025-09-07,IND,MIA,monaray baldwin,False
A.J. Henning,WR,MIA,IND,False,3000,2025-09-07,IND,MIA,aj henning,False
Ashton Dulin,WR,IND,MIA,True,3000,2025-09-07,IND,MIA,ashton dulin,False
Anthony Gould,WR,IND,MIA,True,3000,2025-09-07,IND,MIA,anthony gould,False
Laquon Treadwell,WR,IND,MIA,True,3000,2025-09-07,IND,MIA,laquon treadwell,False
D.J. Montgomery,WR,IND,MIA,True,3000,2025-09-07,IND,MIA,dj montgomery,False
Ajou Ajou,WR,IND,MIA,True,3000,2025-09-07,IND,MIA,ajou ajou,False
Blayne Taylor,WR,IND,MIA,True,3000,2025-09-07,IND,MIA,blayne taylor,False
Landon Parker,WR,IND,MIA,True,3000,2025-09-07,IND,MIA,landon parker,False
Coleman Owen,WR,IND,MIA,True,3000,2025-09-07,IND,MIA,coleman owen,False
Tyler Kahmann,WR,IND,MIA,True,3000,2025-09-07,IND,MIA,tyler kahmann,False
Cedrick Wilson Jr.,WR,NO,ARI,True,3000,2025-09-07,NO,ARI,cedrick wilson,False
Kevin Austin Jr.,WR,NO,ARI,True,3000,2025-09-07,NO,ARI,kevin austin,False
Simi Fehoko,WR,ARI,NO,False,3000,2025-09-07,NO,ARI,simi fehoko,False
Xavier Weaver,WR,ARI,NO,False,3000,2025-09-07,NO,ARI,xavier weaver,False
Andre Baccellia,WR,ARI,NO,False,3000,2025-09-07,NO,ARI,andre baccellia,False
Tejhaun Palmer,WR,ARI,NO,False,3000,2025-09-07,NO,ARI,tejhaun palmer,False
Quez Watkins,WR,ARI,NO,False,3000,2025-09-07,NO,ARI,quez watkins,False
Trishton Jackson,WR,ARI,NO,False,3000,2025-09-07,NO,ARI,trishton jackson,False
Bryson Green,WR,ARI,NO,False,3000,2025-09-07,NO,ARI,bryson green,False
Dante Pettis,WR,NO,ARI,True,3000,2025-09-07,NO,ARI,dante pettis,False
Mason Tipton,WR,NO,ARI,True,3000,2025-09-07,NO,ARI,mason tipton,False
Moochie Dixon,WR,NO,ARI,True,3000,2025-09-07,NO,ARI,moochie dixon,False
Chris Tyree,WR,NO,ARI,True,3000,2025-09-07,NO,ARI,chris tyree,False
Tay Martin,WR,WAS,NYG,True,3000,2025-09-07,WAS,NYG,tay martin,False
K.J. Osborn,WR,WAS,NYG,True,3000,2025-09-07,WAS,NYG,kj osborn,False
Chris Moore,WR,WAS,NYG,True,3000,2025-09-07,WAS,NYG,chris moore,False
Mike Strachan,WR,WAS,NYG,True,3000,2025-09-07,WAS,NYG,mike strachan,False
Ja'Corey Brooks,WR,WAS,NYG,True,3000,2025-09-07,WAS,NYG,jacorey brooks,False
Jacoby Jones,WR,WAS,NYG,True,3000,2025-09-07,WAS,NYG,jacoby jones,False
Jalin Hyatt,WR,NYG,WAS,False,3000,2025-09-07,WAS,NYG,jalin hyatt,False
Lil'Jordan Humphrey,WR,NYG,WAS,False,3000,2025-09-07,WAS,NYG,liljordan humphrey,False
Zach Pascal,WR,NYG,WAS,False,3000,2025-09-07,WAS,NYG,zach pascal,False
Ihmir Smith-Marsette,WR,NYG,WAS,False,3000,2025-09-07,WAS,NYG,ihmir smithmarsette,False
Bryce Ford-Wheaton,WR,NYG,WAS,False,3000,2025-09-07,WAS,NYG,bryce fordwheaton,False
Montrell Washington,WR,NYG,WAS,False,3000,2025-09-07,WAS,NYG,montrell washington,False
Da'Quan Felton,WR,NYG,WAS,False,3000,2025-09-07,WAS,NYG,daquan felton,False
Beaux Collins,WR,NYG,WAS,False,3000,2025-09-07,WAS,NYG,beaux collins,False
Juice Wells Jr.,WR,NYG,WAS,False,3000,2025-09-07,WAS,NYG,juice wells,False
Jordan Bly,WR,NYG,WAS,False,3000,2025-09-07,WAS,NYG,jordan bly,False
Dalen Cambre,WR,NYG,WAS,False,3000,2025-09-07,WAS,NYG,dalen cambre,False
Theo Johnson,TE,NYG,WAS,False,3000,2025-09-07,WAS,NYG,theo johnson,False
David Moore,WR,CAR,JAX,False,3000,2025-09-07,JAX,CAR,david moore,False
Joshua Cephus,WR,JAC,,False,3000,2025-09-07,JAX,CAR,joshua cephus,False
Austin Trammell,WR,JAC,,False,3000,2025-09-07,JAX,CAR,austin trammell,False
Trenton Irwin,WR,JAC,,False,3000,2025-09-07,JAX,CAR,trenton irwin,False
Louis Rees-Zammit,WR,JAC,,False,3000,2025-09-07,JAX,CAR,louis reeszammit,False
Chandler Brayboy,WR,JAC,,False,3000,2025-09-07,JAX,CAR,chandler brayboy,False
Eli Pancol,WR,JAC,,False,3000,2025-09-07,JAX,CAR,eli pancol,False
Cam Camper,WR,JAC,,False,3000,2025-09-07,JAX,CAR,cam camper,False
Dorian Singer,WR,JAC,,False,3000,2025-09-07,JAX,CAR,dorian singer,False
Darius Lassiter,WR,JAC,,False,3000,2025-09-07,JAX,CAR,darius lassiter,False
J.J. Jones,WR,JAC,,False,3000,2025-09-07,JAX,CAR,jj jones,False
Jimmy Horn Jr.,WR,CAR,JAX,False,3000,2025-09-07,JAX,CAR,jimmy horn,False
Dan Chisena,WR,CAR,JAX,False,3000,2025-09-07,JAX,CAR,dan chisena,False
Brycen Tremayne,WR,CAR,JAX,False,3000,2025-09-07,JAX,CAR,brycen tremayne,False
T.J. Luther,WR,CAR,JAX,False,3000,2025-09-07,JAX,CAR,tj luther,False
Kobe Hudson,WR,CAR,JAX,False,3000,2025-09-07,JAX,CAR,kobe hudson,False
Jacolby George,WR,CAR,JAX,False,3000,2025-09-07,JAX,CAR,jacolby george,False
David Bell,WR,CLE,CIN,True,3000,2025-09-07,CLE,CIN,david bell,False
Jamari Thrash,WR,CLE,CIN,True,3000,2025-09-07,CLE,CIN,jamari thrash,False
Michael Woods II,WR,CLE,CIN,True,3000,2025-09-07,CLE,CIN,michael woods,False
DeAndre Carter,WR,CLE,CIN,True,3000,2025-09-07,CLE,CIN,deandre carter,False
Kaden Davis,WR,CLE,CIN,True,3000,2025-09-07,CLE,CIN,kaden davis,False
Luke Floriea,WR,CLE,CIN,True,3000,2025-09-07,CLE,CIN,luke floriea,False
Gage Larvadain,WR,CLE,CIN,True,3000,2025-09-07,CLE,CIN,gage larvadain,False
Kisean Johnson,WR,CLE,CIN,True,3000,2025-09-07,CLE,CIN,kisean johnson,False
Cade McDonald,WR,CLE,CIN,True,3000,2025-09-07,CLE,CIN,cade mcdonald,False
Charlie Jones,WR,CIN,CLE,False,3000,2025-09-07,CLE,CIN,charlie jones,False
Kendric Pryor,WR,CIN,CLE,False,3000,2025-09-07,CLE,CIN,kendric pryor,False
Isaiah Williams,WR,CIN,CLE,False,3000,2025-09-07,CLE,CIN,isaiah williams,False
Cole Burgess,WR,CIN,CLE,False,3000,2025-09-07,CLE,CIN,cole burgess,False
Mitchell Tinsley,WR,CIN,CLE,False,3000,2025-09-07,CLE,CIN,mitchell tinsley,False
Rashod Owens,WR,CIN,CLE,False,3000,2025-09-07,CLE,CIN,rashod owens,False
Jordan Moore,WR,CIN,CLE,False,3000,2025-09-07,CLE,CIN,jordan moore,False
Jamoi Mayes,WR,CIN,CLE,False,3000,2025-09-07,CLE,CIN,jamoi mayes,False
Chimere Dike,WR,TEN,DEN,False,3000,2025-09-07,DEN,TEN,chimere dike,False
Mason Kinsey,WR,TEN,DEN,False,3000,2025-09-07,DEN,TEN,mason kinsey,False
James Proche II,WR,TEN,DEN,False,3000,2025-09-07,DEN,TEN,james proche,False
Jha'Quan Jackson,WR,TEN,DEN,False,3000,2025-09-07,DEN,TEN,jhaquan jackson,False
Colton Dowell,WR,TEN,DEN,False,3000,2025-09-07,DEN,TEN,colton dowell,False
Bryce Oliver,WR,TEN,DEN,False,3000,2025-09-07,DEN,TEN,bryce oliver,False
TJ Sheffield,WR,TEN,DEN,False,3000,2025-09-07,DEN,TEN,tj sheffield,False
Trent Sherfield Sr.,WR,DEN,TEN,True,3000,2025-09-07,DEN,TEN,trent sherfield,False
A.T. Perry,WR,DEN,TEN,True,3000,2025-09-07,DEN,TEN,at perry,False
Michael Bandy,WR,DEN,TEN,True,3000,2025-09-07,DEN,TEN,michael bandy,False
Joaquin Davis,WR,DEN,TEN,True,3000,2025-09-07,DEN,TEN,joaquin davis,False
Courtney Jackson,WR,DEN,TEN,True,3000,2025-09-07,DEN,TEN,courtney jackson,False
Jerjuan Newton,WR,DEN,TEN,True,3000,2025-09-07,DEN,TEN,jerjuan newton,False
Kyrese Rowan,WR,DEN,TEN,True,3000,2025-09-07,DEN,TEN,kyrese rowan,False
Equanimeous St. Brown,WR,SF,SEA,False,3000,2025-09-07,SEA,SF,equanimeous st brown,False
John Rhys Plumlee,WR,SEA,SF,True,3000,2025-09-07,SEA,SF,john rhys plumlee,False
Tory Horton,WR,SEA,SF,True,3000,2025-09-07,SEA,SF,tory horton,False
Jake Bobo,WR,SEA,SF,True,3000,2025-09-07,SEA,SF,jake bobo,False
Ricky White III,WR,SEA,SF,True,3000,2025-09-07,SEA,SF,ricky white,False
Steven Sims,WR,SEA,SF,True,3000,2025-09-07,SEA,SF,steven sims,False
Dareke Young,WR,SEA,SF,True,3000,2025-09-07,SEA,SF,dareke young,False
Cody White,WR,SEA,SF,True,3000,2025-09-07,SEA,SF,cody white,False
Tyrone Broden,WR,SEA,SF,True,3000,2025-09-07,SEA,SF,tyrone broden,False
Montorie Foster Jr.,WR,SEA,SF,True,3000,2025-09-07,SEA,SF,montorie foster,False
Junior Bergen,WR,SF,SEA,False,3000,2025-09-07,SEA,SF,junior bergen,False
Russell Gage Jr.,WR,SF,SEA,False,3000,2025-09-07,SEA,SF,russell gage,False
Terique Owens,WR,SF,SEA,False,3000,2025-09-07,SEA,SF,terique owens,False
Isaiah Hodgins,WR,SF,SEA,False,3000,2025-09-07,SEA,SF,isaiah hodgins,False
Malik Knowles,WR,SF,SEA,False,3000,2025-09-07,SEA,SF,malik knowles,False
Trent Taylor,WR,SF,SEA,False,3000,2025-09-07,SEA,SF,trent taylor,False
Will Sheppard,WR,GB,DET,True,3000,2025-09-07,GB,DET,will sheppard,False
Malik Heath,WR,GB,DET,True,3000,2025-09-07,GB,DET,malik heath,False
Bo Melton,WR,GB,DET,True,3000,2025-09-07,GB,DET,bo melton,False
Mecole Hardman,WR,GB,DET,True,3000,2025-09-07,GB,DET,mecole hardman,False
Julian Hicks,WR,GB,DET,True,3000,2025-09-07,GB,DET,julian hicks,False
Cornelius Johnson,WR,GB,DET,True,3000,2025-09-07,GB,DET,cornelius johnson,False
Sam Brown Jr.,WR,GB,DET,True,3000,2025-09-07,GB,DET,sam brown,False
Dominic Lovett,WR,DET,GB,False,3000,2025-09-07,GB,DET,dominic lovett,False
Tom Kennedy,WR,DET,GB,False,3000,2025-09-07,GB,DET,tom kennedy,False
Ronnie Bell,WR,DET,GB,False,3000,2025-09-07,GB,DET,ronnie bell,False
Malik Taylor,WR,DET,GB,False,3000,2025-09-07,GB,DET,malik taylor,False
Jackson Meeks,WR,DET,GB,False,3000,2025-09-07,GB,DET,jackson meeks,False
Jakobie Keeney-James,WR,DET,GB,False,3000,2025-09-07,GB,DET,jakobie keeneyjames,False
Xavier Hutchinson,WR,HOU,LAR,False,3000,2025-09-07,LAR,HOU,xavier hutchinson,False
Konata Mumpfield,WR,LAR,HOU,True,3000,2025-09-07,LAR,HOU,konata mumpfield,False
Xavier Smith,WR,LAR,HOU,True,3000,2025-09-07,LAR,HOU,xavier smith,False
Britain Covey,WR,LAR,HOU,True,3000,2025-09-07,LAR,HOU,britain covey,False
Tru Edwards,WR,LAR,HOU,True,3000,2025-09-07,LAR,HOU,tru edwards,False
Brennan Presley,WR,LAR,HOU,True,3000,2025-09-07,LAR,HOU,brennan presley,False
Mario Williams,WR,LAR,HOU,True,3000,2025-09-07,LAR,HOU,mario williams,False
Drake Stoops,WR,LAR,HOU,True,3000,2025-09-07,LAR,HOU,drake stoops,False
Justin Watson,WR,HOU,LAR,False,3000,2025-09-07,LAR,HOU,justin watson,False
Braxton Berrios,WR,HOU,LAR,False,3000,2025-09-07,LAR,HOU,braxton berrios,False
Jared Wayne,WR,HOU,LAR,False,3000,2025-09-07,LAR,HOU,jared wayne,False
Johnny Johnson III,WR,HOU,LAR,False,3000,2025-09-07,LAR,HOU,johnny johnson,False
Xavier Johnson,WR,HOU,LAR,False,3000,2025-09-07,LAR,HOU,xavier johnson,False
Daniel Jackson,WR,HOU,LAR,False,3000,2025-09-07,LAR,HOU,daniel jackson,False
Austin Hooper,TE,NE,LV,True,2900,2025-09-07,NE,LV,austin hooper,False
Ja'Tavion Sanders,TE,CAR,JAX,False,2900,2025-09-07,JAX,CAR,jatavion sanders,False
49ers,DST,SF,SEA,False,2900,2025-09-07,SEA,SF,49ers,False
Packers,DST,GB,DET,True,2900,2025-09-07,GB,DET,packers,False
Jets,DST,NYJ,PIT,True,2800,2025-09-07,NYJ,PIT,jets,False
Colts,DST,IND,MIA,True,2800,2025-09-07,IND,MIA,colts,False
Adam Trautman,TE,DEN,TEN,True,2800,2025-09-07,DEN,TEN,adam trautman,False
AJ Barner,TE,SEA,SF,True,2800,2025-09-07,SEA,SF,aj barner,False
Luke Musgrave,TE,GB,DET,True,2800,2025-09-07,GB,DET,luke musgrave,False
Julian Hill,TE,MIA,IND,False,2700,2025-09-07,IND,MIA,julian hill,False
Dolphins,DST,MIA,IND,False,2700,2025-09-07,IND,MIA,dolphins,False
Foster Moreau,TE,NO,ARI,True,2700,2025-09-07,NO,ARI,foster moreau,False
Elijah Arroyo,TE,SEA,SF,True,2700,2025-09-07,SEA,SF,elijah arroyo,False
Lions,DST,DET,GB,False,2700,2025-09-07,GB,DET,lions,False
Raiders,DST,LV,NE,False,2600,2025-09-07,NE,LV,raiders,False
Payne Durham,TE,TB,ATL,False,2600,2025-09-07,ATL,TB,payne durham,False
Falcons,DST,ATL,TB,True,2600,2025-09-07,ATL,TB,falcons,False
Gunnar Helm,TE,TEN,DEN,False,2600,2025-09-07,DEN,TEN,gunnar helm,False
Cade Stover,TE,HOU,LAR,False,2600,2025-09-07,LAR,HOU,cade stover,False
Mason Pline,TE,NO,ARI,True,2500,2025-09-07,NO,ARI,mason pline,False
Albert Okwuegbunam Jr.,TE,LV,NE,False,2500,2025-09-07,NE,LV,albert okwuegbunam,False
Jaheim Bell,TE,NE,LV,True,2500,2025-09-07,NE,LV,jaheim bell,False
Jack Westover,TE,NE,LV,True,2500,2025-09-07,NE,LV,jack westover,False
CJ Dippre,TE,NE,LV,True,2500,2025-09-07,NE,LV,cj dippre,False
Gee Scott Jr.,TE,NE,LV,True,2500,2025-09-07,NE,LV,gee scott,False
Ian Thomas,TE,LV,NE,False,2500,2025-09-07,NE,LV,ian thomas,False
Justin Shorter,TE,LV,NE,False,2500,2025-09-07,NE,LV,justin shorter,False
Qadir Ismail,TE,LV,NE,False,2500,2025-09-07,NE,LV,qadir ismail,False
Carter Runyon,TE,LV,NE,False,2500,2025-09-07,NE,LV,carter runyon,False
Pat Conroy,TE,LV,NE,False,2500,2025-09-07,NE,LV,pat conroy,False
Stone Smartt,TE,NYJ,PIT,True,2500,2025-09-07,NYJ,PIT,stone smartt,False
Darnell Washington,TE,PIT,NYJ,False,2500,2025-09-07,NYJ,PIT,darnell washington,False
Connor Heyward,TE,PIT,NYJ,False,2500,2025-09-07,NYJ,PIT,connor heyward,False
JJ Galbreath,TE,PIT,NYJ,False,2500,2025-09-07,NYJ,PIT,jj galbreath,False
Donald Parham Jr.,TE,PIT,NYJ,False,2500,2025-09-07,NYJ,PIT,donald parham,False
DJ Thomas-Jones,TE,PIT,NYJ,False,2500,2025-09-07,NYJ,PIT,dj thomasjones,False
Jeremy Ruckert,TE,NYJ,PIT,True,2500,2025-09-07,NYJ,PIT,jeremy ruckert,False
Zack Kuntz,TE,NYJ,PIT,True,2500,2025-09-07,NYJ,PIT,zack kuntz,False
Neal Johnson,TE,NYJ,PIT,True,2500,2025-09-07,NYJ,PIT,neal johnson,False
Devin Culp,TE,TB,ATL,False,2500,2025-09-07,ATL,TB,devin culp,False
Ko Kieft,TE,TB,ATL,False,2500,2025-09-07,ATL,TB,ko kieft,False
Tanner Taula,TE,TB,ATL,False,2500,2025-09-07,ATL,TB,tanner taula,False
Evan Deckers,TE,TB,ATL,False,2500,2025-09-07,ATL,TB,evan deckers,False
Charlie Woerner,TE,ATL,TB,True,2500,2025-09-07,ATL,TB,charlie woerner,False
Feleipe Franks,TE,ATL,TB,True,2500,2025-09-07,ATL,TB,feleipe franks,False
Teagan Quitoriano,TE,ATL,TB,True,2500,2025-09-07,ATL,TB,teagan quitoriano,False
Nikola Kalinic,TE,ATL,TB,True,2500,2025-09-07,ATL,TB,nikola kalinic,False
Joshua Simon,TE,ATL,TB,True,2500,2025-09-07,ATL,TB,joshua simon,False
Pharaoh Brown,TE,MIA,IND,False,2500,2025-09-07,IND,MIA,pharaoh brown,False
Tanner Conner,TE,MIA,IND,False,2500,2025-09-07,IND,MIA,tanner conner,False
Hayden Rucci,TE,MIA,IND,False,2500,2025-09-07,IND,MIA,hayden rucci,False
Jalin Conyers,TE,MIA,IND,False,2500,2025-09-07,IND,MIA,jalin conyers,False
Mo Alie-Cox,TE,IND,MIA,True,2500,2025-09-07,IND,MIA,mo aliecox,False
Drew Ogletree,TE,IND,MIA,True,2500,2025-09-07,IND,MIA,drew ogletree,False
Jelani Woods,TE,IND,MIA,True,2500,2025-09-07,IND,MIA,jelani woods,False
Will Mallory,TE,IND,MIA,True,2500,2025-09-07,IND,MIA,will mallory,False
Sean McKeon,TE,IND,MIA,True,2500,2025-09-07,IND,MIA,sean mckeon,False
Maximilian Mang,TE,IND,MIA,True,2500,2025-09-07,IND,MIA,maximilian mang,False
Tip Reiman,TE,ARI,NO,False,2500,2025-09-07,NO,ARI,tip reiman,False
Elijah Higgins,TE,ARI,NO,False,2500,2025-09-07,NO,ARI,elijah higgins,False
Josiah Deguara,TE,ARI,NO,False,2500,2025-09-07,NO,ARI,josiah deguara,False
Travis Vokolek,TE,ARI,NO,False,2500,2025-09-07,NO,ARI,travis vokolek,False
Oscar Cardenas,TE,ARI,NO,False,2500,2025-09-07,NO,ARI,oscar cardenas,False
Jack Stoll,TE,NO,ARI,True,2500,2025-09-07,NO,ARI,jack stoll,False
Moliki Matavao,TE,NO,ARI,True,2500,2025-09-07,NO,ARI,moliki matavao,False
Michael Jacobson,TE,NO,ARI,True,2500,2025-09-07,NO,ARI,michael jacobson,False
Seth Green,TE,NO,ARI,True,2500,2025-09-07,NO,ARI,seth green,False
Treyton Welch,TE,NO,ARI,True,2500,2025-09-07,NO,ARI,treyton welch,False
Zach Wood,TE,NO,ARI,True,2500,2025-09-07,NO,ARI,zach wood,False
John Bates,TE,WAS,NYG,True,2500,2025-09-07,WAS,NYG,john bates,False
Ben Sinnott,TE,WAS,NYG,True,2500,2025-09-07,WAS,NYG,ben sinnott,False
Colson Yankoff,TE,WAS,NYG,True,2500,2025-09-07,WAS,NYG,colson yankoff,False
Tyree Jackson,TE,WAS,NYG,True,2500,2025-09-07,WAS,NYG,tyree jackson,False
Lawrence Cager,TE,WAS,NYG,True,2500,2025-09-07,WAS,NYG,lawrence cager,False
Cole Turner,TE,WAS,NYG,True,2500,2025-09-07,WAS,NYG,cole turner,False
Tyler Ott,TE,WAS,NYG,True,2500,2025-09-07,WAS,NYG,tyler ott,False
Daniel Bellinger,TE,NYG,WAS,False,2500,2025-09-07,WAS,NYG,daniel bellinger,False
Chris Manhertz,TE,NYG,WAS,False,2500,2025-09-07,WAS,NYG,chris manhertz,False
Greg Dulcich,TE,NYG,WAS,False,2500,2025-09-07,WAS,NYG,greg dulcich,False
Thomas Fidone II,TE,NYG,WAS,False,2500,2025-09-07,WAS,NYG,thomas fidone,False
Jermaine Terry II,TE,NYG,WAS,False,2500,2025-09-07,WAS,NYG,jermaine terry,False
Tyler Mabry,TE,CAR,JAX,False,2500,2025-09-07,JAX,CAR,tyler mabry,False
Tommy Tremble,TE,CAR,JAX,False,2500,2025-09-07,JAX,CAR,tommy tremble,False
Hunter Long,TE,JAC,,False,2500,2025-09-07,JAX,CAR,hunter long,False
Johnny Mundt,TE,JAC,,False,2500,2025-09-07,JAX,CAR,johnny mundt,False
Quintin Morris,TE,JAC,,False,2500,2025-09-07,JAX,CAR,quintin morris,False
Shawn Bowman,TE,JAC,,False,2500,2025-09-07,JAX,CAR,shawn bowman,False
Patrick Herbert,TE,JAC,,False,2500,2025-09-07,JAX,CAR,patrick herbert,False
John Copenhaver,TE,JAC,,False,2500,2025-09-07,JAX,CAR,john copenhaver,False
Mitchell Evans,TE,CAR,JAX,False,2500,2025-09-07,JAX,CAR,mitchell evans,False
Dominique Dafney,TE,CAR,JAX,False,2500,2025-09-07,JAX,CAR,dominique dafney,False
James Mitchell,TE,CAR,JAX,False,2500,2025-09-07,JAX,CAR,james mitchell,False
Bryce Pierre,TE,CAR,JAX,False,2500,2025-09-07,JAX,CAR,bryce pierre,False
Blake Whiteheart,TE,CLE,CIN,True,2500,2025-09-07,CLE,CIN,blake whiteheart,False
Brenden Bates,TE,CLE,CIN,True,2500,2025-09-07,CLE,CIN,brenden bates,False
Sal Cannella,TE,CLE,CIN,True,2500,2025-09-07,CLE,CIN,sal cannella,False
Brent Matiscik,TE,CLE,CIN,True,2500,2025-09-07,CLE,CIN,brent matiscik,False
Drew Sample,TE,CIN,CLE,False,2500,2025-09-07,CLE,CIN,drew sample,False
Erick All Jr.,TE,CIN,CLE,False,2500,2025-09-07,CLE,CIN,erick all,False
Tanner Hudson,TE,CIN,CLE,False,2500,2025-09-07,CLE,CIN,tanner hudson,False
Tanner McLachlan,TE,CIN,CLE,False,2500,2025-09-07,CLE,CIN,tanner mclachlan,False
Cam Grandy,TE,CIN,CLE,False,2500,2025-09-07,CLE,CIN,cam grandy,False
Kole Taylor,TE,CIN,CLE,False,2500,2025-09-07,CLE,CIN,kole taylor,False
William Wagner,TE,CIN,CLE,False,2500,2025-09-07,CLE,CIN,william wagner,False
Cal Adomitis,TE,CIN,CLE,False,2500,2025-09-07,CLE,CIN,cal adomitis,False
Josh Whyle,TE,TEN,DEN,False,2500,2025-09-07,DEN,TEN,josh whyle,False
David Martin-Robinson,TE,TEN,DEN,False,2500,2025-09-07,DEN,TEN,david martinrobinson,False
Thomas Odukoya,TE,TEN,DEN,False,2500,2025-09-07,DEN,TEN,thomas odukoya,False
Drake Dabney,TE,TEN,DEN,False,2500,2025-09-07,DEN,TEN,drake dabney,False
Lucas Krull,TE,DEN,TEN,True,2500,2025-09-07,DEN,TEN,lucas krull,False
Nate Adkins,TE,DEN,TEN,True,2500,2025-09-07,DEN,TEN,nate adkins,False
Caleb Lohner,TE,DEN,TEN,True,2500,2025-09-07,DEN,TEN,caleb lohner,False
Caden Prieskorn,TE,DEN,TEN,True,2500,2025-09-07,DEN,TEN,caden prieskorn,False
Mitchell Fraboni,TE,DEN,TEN,True,2500,2025-09-07,DEN,TEN,mitchell fraboni,False
Eric Saubert,TE,SEA,SF,True,2500,2025-09-07,SEA,SF,eric saubert,False
Nick Kallerup,TE,SEA,SF,True,2500,2025-09-07,SEA,SF,nick kallerup,False
Marshall Lang,TE,SEA,SF,True,2500,2025-09-07,SEA,SF,marshall lang,False
Luke Farrell,TE,SF,SEA,False,2500,2025-09-07,SEA,SF,luke farrell,False
Ross Dwelley,TE,SF,SEA,False,2500,2025-09-07,SEA,SF,ross dwelley,False
Brayden Willis,TE,SF,SEA,False,2500,2025-09-07,SEA,SF,brayden willis,False
Jake Tonges,TE,SF,SEA,False,2500,2025-09-07,SEA,SF,jake tonges,False
Seahawks,DST,SEA,SF,True,2500,2025-09-07,SEA,SF,seahawks,False
Ben Sims,TE,GB,DET,True,2500,2025-09-07,GB,DET,ben sims,False
John FitzPatrick,TE,GB,DET,True,2500,2025-09-07,GB,DET,john fitzpatrick,False
Messiah Swinson,TE,GB,DET,True,2500,2025-09-07,GB,DET,messiah swinson,False
Johnny Lumpkin,TE,GB,DET,True,2500,2025-09-07,GB,DET,johnny lumpkin,False
Brock Wright,TE,DET,GB,False,2500,2025-09-07,GB,DET,brock wright,False
Kenny Yeboah,TE,DET,GB,False,2500,2025-09-07,GB,DET,kenny yeboah,False
Shane Zylstra,TE,DET,GB,False,2500,2025-09-07,GB,DET,shane zylstra,False
Luke Deal,TE,DET,GB,False,2500,2025-09-07,GB,DET,luke deal,False
Zach Horton,TE,DET,GB,False,2500,2025-09-07,GB,DET,zach horton,False
Colby Parkinson,TE,LAR,HOU,True,2500,2025-09-07,LAR,HOU,colby parkinson,False
Davis Allen,TE,LAR,HOU,True,2500,2025-09-07,LAR,HOU,davis allen,False
Mark Redman,TE,LAR,HOU,True,2500,2025-09-07,LAR,HOU,mark redman,False
Anthony Torres,TE,LAR,HOU,True,2500,2025-09-07,LAR,HOU,anthony torres,False
Brevin Jordan,TE,HOU,LAR,False,2500,2025-09-07,LAR,HOU,brevin jordan,False
Luke Lachey,TE,HOU,LAR,False,2500,2025-09-07,LAR,HOU,luke lachey,False
Irv Smith Jr.,TE,HOU,LAR,False,2500,2025-09-07,LAR,HOU,irv smith,False
Jakob Johnson,TE,HOU,LAR,False,2500,2025-09-07,LAR,HOU,jakob johnson,False
Texans,DST,HOU,LAR,False,2500,2025-09-07,LAR,HOU,texans,False
Saints,DST,NO,ARI,True,2400,2025-09-07,NO,ARI,saints,False
Panthers,DST,CAR,JAX,False,2400,2025-09-07,JAX,CAR,panthers,False
Giants,DST,NYG,WAS,False,2300,2025-09-07,WAS,NYG,giants,False
Browns,DST,CLE,CIN,True,2300,2025-09-07,CLE,CIN,browns,False
Titans,DST,TEN,DEN,False,2200,2025-09-07,DEN,TEN,titans,False
