name,pos,team,opp,is_home,salary,game_date,proj_points
Jayden Daniels,QB,WAS,NYG,True,7000,2025-09-07,15.594466575880846
Joe Burrow,QB,CIN,CLE,False,6900,2025-09-07,15.594466575880846
Baker Mayfield,QB,TB,ATL,False,6600,2025-09-07,15.594466575880846
Jared Goff,QB,DET,GB,False,6500,2025-09-07,15.594466575880846
Kyler Murray,QB,ARI,NO,False,6400,2025-09-07,15.594466575880846
Bo Nix,QB,DEN,TEN,True,6300,2025-09-07,15.594466575880846
Brock Purdy,QB,SF,SEA,False,6200,2025-09-07,15.594466575880846
Jordan Love,QB,GB,DET,True,6100,2025-09-07,15.594466575880846
C.J. Stroud,QB,HOU,LAR,False,6000,2025-09-07,15.594466575880846
Matthew Stafford,QB,LAR,HOU,True,5900,2025-09-07,15.594466575880846
Tua Tagovailoa,QB,MIA,IND,False,5800,2025-09-07,15.594466575880846
Bryce Young,QB,CAR,JAX,False,5700,2025-09-07,15.594466575880846
Michael Penix Jr.,QB,ATL,TB,True,5600,2025-09-07,15.594466575880846
Drake Maye,QB,NE,LV,True,5500,2025-09-07,15.594466575880846
Justin Fields,QB,NYJ,PIT,True,5400,2025-09-07,15.594466575880846
Trevor Lawrence,QB,JAC,,False,5300,2025-09-07,15.594466575880846
Sam Darnold,QB,SEA,SF,True,5300,2025-09-07,15.594466575880846
Geno Smith,QB,LV,NE,False,5200,2025-09-07,15.594466575880846
Aaron Rodgers,QB,PIT,NYJ,False,5200,2025-09-07,15.594466575880846
Anthony Richardson Sr.,QB,IND,MIA,True,5100,2025-09-07,15.594466575880846
Daniel Jones,QB,IND,MIA,True,5100,2025-09-07,15.594466575880846
Russell Wilson,QB,NYG,WAS,False,5000,2025-09-07,15.594466575880846
Cameron Ward,QB,TEN,DEN,False,5000,2025-09-07,15.594466575880846
Joe Flacco,QB,CLE,CIN,True,4900,2025-09-07,15.594466575880846
Kenny Pickett,QB,CLE,CIN,True,4900,2025-09-07,15.594466575880846
Dillon Gabriel,QB,CLE,CIN,True,4900,2025-09-07,15.594466575880846
Shedeur Sanders,QB,CLE,CIN,True,4900,2025-09-07,15.594466575880846
Spencer Rattler,QB,NO,ARI,True,4800,2025-09-07,15.594466575880846
Tyler Shough,QB,NO,ARI,True,4800,2025-09-07,15.594466575880846
Jake Haener,QB,NO,ARI,True,4800,2025-09-07,15.594466575880846
Andy Dalton,QB,CAR,JAX,False,4700,2025-09-07,15.594466575880846
Kirk Cousins,QB,ATL,TB,True,4600,2025-09-07,15.594466575880846
Malik Willis,QB,GB,DET,True,4600,2025-09-07,15.594466575880846
Joshua Dobbs,QB,NE,LV,True,4500,2025-09-07,15.594466575880846
Jameis Winston,QB,NYG,WAS,False,4500,2025-09-07,15.594466575880846
Marcus Mariota,QB,WAS,NYG,True,4500,2025-09-07,15.594466575880846
Jaxson Dart,QB,NYG,WAS,False,4500,2025-09-07,15.594466575880846
Hendon Hooker,QB,DET,GB,False,4500,2025-09-07,15.594466575880846
Davis Mills,QB,HOU,LAR,False,4500,2025-09-07,15.594466575880846
Tyrod Taylor,QB,NYJ,PIT,True,4400,2025-09-07,15.594466575880846
Jacoby Brissett,QB,ARI,NO,False,4400,2025-09-07,15.594466575880846
Jake Browning,QB,CIN,CLE,False,4400,2025-09-07,15.594466575880846
Jimmy Garoppolo,QB,LAR,HOU,True,4400,2025-09-07,15.594466575880846
Zach Wilson,QB,MIA,IND,False,4300,2025-09-07,15.594466575880846
Nick Mullens,QB,JAC,,False,4300,2025-09-07,15.594466575880846
Jarrett Stidham,QB,DEN,TEN,True,4300,2025-09-07,15.594466575880846
Drew Lock,QB,SEA,SF,True,4300,2025-09-07,15.594466575880846
Jalen Milroe,QB,SEA,SF,True,4300,2025-09-07,15.594466575880846
Aidan O'Connell,QB,LV,NE,False,4200,2025-09-07,15.594466575880846
Mason Rudolph,QB,PIT,NYJ,False,4200,2025-09-07,15.594466575880846
Mac Jones,QB,SF,SEA,False,4200,2025-09-07,15.594466575880846
Kyle Trask,QB,TB,ATL,False,4100,2025-09-07,15.594466575880846
Riley Leonard,QB,IND,MIA,True,4100,2025-09-07,15.594466575880846
Ben Wooldridge,QB,NE,LV,True,4000,2025-09-07,15.594466575880846
Cam Miller,QB,LV,NE,False,4000,2025-09-07,15.594466575880846
Will Howard,QB,PIT,NYJ,False,4000,2025-09-07,15.594466575880846
Skylar Thompson,QB,PIT,NYJ,False,4000,2025-09-07,15.594466575880846
Adrian Martinez,QB,NYJ,PIT,True,4000,2025-09-07,15.594466575880846
Brady Cook,QB,NYJ,PIT,True,4000,2025-09-07,15.594466575880846
Michael Pratt,QB,TB,ATL,False,4000,2025-09-07,15.594466575880846
Connor Bazelak,QB,TB,ATL,False,4000,2025-09-07,15.594466575880846
Easton Stick,QB,ATL,TB,True,4000,2025-09-07,15.594466575880846
Emory Jones,QB,ATL,TB,True,4000,2025-09-07,15.594466575880846
Quinn Ewers,QB,MIA,IND,False,4000,2025-09-07,15.594466575880846
Jason Bean,QB,IND,MIA,True,4000,2025-09-07,15.594466575880846
Clayton Tune,QB,ARI,NO,False,4000,2025-09-07,15.594466575880846
Hunter Dekkers,QB,NO,ARI,True,4000,2025-09-07,15.594466575880846
Tommy DeVito,QB,NYG,WAS,False,4000,2025-09-07,15.594466575880846
Josh Johnson,QB,WAS,NYG,True,4000,2025-09-07,15.594466575880846
Sam Hartman,QB,WAS,NYG,True,4000,2025-09-07,15.594466575880846
John Wolford,QB,JAC,,False,4000,2025-09-07,15.594466575880846
Seth Henigan,QB,JAC,,False,4000,2025-09-07,15.594466575880846
Jack Plummer,QB,CAR,JAX,False,4000,2025-09-07,15.594466575880846
Deshaun Watson,QB,CLE,CIN,True,4000,2025-09-07,15.594466575880846
Payton Thorne,QB,CIN,CLE,False,4000,2025-09-07,15.594466575880846
Desmond Ridder,QB,CIN,CLE,False,4000,2025-09-07,15.594466575880846
Will Levis,QB,TEN,DEN,False,4000,2025-09-07,15.594466575880846
Brandon Allen,QB,TEN,DEN,False,4000,2025-09-07,15.594466575880846
Tim Boyle,QB,TEN,DEN,False,4000,2025-09-07,15.594466575880846
Sam Ehlinger,QB,DEN,TEN,True,4000,2025-09-07,15.594466575880846
Kurtis Rourke,QB,SF,SEA,False,4000,2025-09-07,15.594466575880846
Tanner Mordecai,QB,SF,SEA,False,4000,2025-09-07,15.594466575880846
Sean Clifford,QB,GB,DET,True,4000,2025-09-07,15.594466575880846
Taylor Elgersma,QB,GB,DET,True,4000,2025-09-07,15.594466575880846
Kyle Allen,QB,DET,GB,False,4000,2025-09-07,15.594466575880846
Stetson Bennett IV,QB,LAR,HOU,True,4000,2025-09-07,15.594466575880846
Dresser Winn,QB,LAR,HOU,True,4000,2025-09-07,15.594466575880846
Graham Mertz,QB,HOU,LAR,False,4000,2025-09-07,15.594466575880846
Kedon Slovis,QB,HOU,LAR,False,4000,2025-09-07,15.594466575880846
Bijan Robinson,RB,ATL,TB,True,8000,2025-09-07,9.388566875656446
Jahmyr Gibbs,RB,DET,GB,False,7700,2025-09-07,9.388566875656446
Christian McCaffrey,RB,SF,SEA,False,7300,2025-09-07,9.388566875656446
Bucky Irving,RB,TB,ATL,False,7100,2025-09-07,9.388566875656446
Ashton Jeanty,RB,LV,NE,False,7000,2025-09-07,9.388566875656446
De'Von Achane,RB,MIA,IND,False,6900,2025-09-07,9.388566875656446
Jonathan Taylor,RB,IND,MIA,True,6800,2025-09-07,9.388566875656446
Josh Jacobs,RB,GB,DET,True,6700,2025-09-07,9.388566875656446
Chase Brown,RB,CIN,CLE,False,6600,2025-09-07,9.388566875656446
Kyren Williams,RB,LAR,HOU,True,6500,2025-09-07,9.388566875656446
Breece Hall,RB,NYJ,PIT,True,6400,2025-09-07,9.388566875656446
Alvin Kamara,RB,NO,ARI,True,6300,2025-09-07,9.388566875656446
Joe Mixon,RB,HOU,LAR,False,6200,2025-09-07,9.388566875656446
James Conner,RB,ARI,NO,False,6100,2025-09-07,9.388566875656446
Chuba Hubbard,RB,CAR,JAX,False,6000,2025-09-07,9.388566875656446
Kenneth Walker III,RB,SEA,SF,True,5900,2025-09-07,9.388566875656446
Brian Robinson Jr.,RB,WAS,NYG,True,5800,2025-09-07,9.388566875656446
RJ Harvey,RB,DEN,TEN,True,5800,2025-09-07,9.388566875656446
Tony Pollard,RB,TEN,DEN,False,5700,2025-09-07,9.388566875656446
David Montgomery,RB,DET,GB,False,5700,2025-09-07,9.388566875656446
Tyrone Tracy Jr.,RB,NYG,WAS,False,5600,2025-09-07,9.388566875656446
Jerome Ford,RB,CLE,CIN,True,5600,2025-09-07,9.388566875656446
TreVeyon Henderson,RB,NE,LV,True,5500,2025-09-07,9.388566875656446
J.K. Dobbins,RB,DEN,TEN,True,5500,2025-09-07,9.388566875656446
Rhamondre Stevenson,RB,NE,LV,True,5400,2025-09-07,9.388566875656446
Travis Etienne Jr.,RB,JAC,,False,5400,2025-09-07,9.388566875656446
Kaleb Johnson,RB,PIT,NYJ,False,5300,2025-09-07,9.388566875656446
Isaac Guerendo,RB,SF,SEA,False,5300,2025-09-07,9.388566875656446
Jaylen Warren,RB,PIT,NYJ,False,5200,2025-09-07,9.388566875656446
Nick Chubb,RB,HOU,LAR,False,5200,2025-09-07,9.388566875656446
Woody Marks,RB,HOU,LAR,False,5200,2025-09-07,9.388566875656446
Rachaad White,RB,TB,ATL,False,5100,2025-09-07,9.388566875656446
Cam Skattebo,RB,NYG,WAS,False,5100,2025-09-07,9.388566875656446
Quinshon Judkins,RB,CLE,CIN,True,5100,2025-09-07,9.388566875656446
Raheem Mostert,RB,LV,NE,False,5000,2025-09-07,9.388566875656446
Tyler Allgeier,RB,ATL,TB,True,5000,2025-09-07,9.388566875656446
Rico Dowdle,RB,CAR,JAX,False,5000,2025-09-07,9.388566875656446
Braelon Allen,RB,NYJ,PIT,True,4900,2025-09-07,9.388566875656446
Jaylen Wright,RB,MIA,IND,False,4900,2025-09-07,9.388566875656446
Dylan Sampson,RB,CLE,CIN,True,4900,2025-09-07,9.388566875656446
Zach Charbonnet,RB,SEA,SF,True,4900,2025-09-07,9.388566875656446
DJ Giddens,RB,IND,MIA,True,4800,2025-09-07,9.388566875656446
Austin Ekeler,RB,WAS,NYG,True,4800,2025-09-07,9.388566875656446
Jaleel McLaughlin,RB,DEN,TEN,True,4800,2025-09-07,9.388566875656446
Tyjae Spears,RB,TEN,DEN,False,4700,2025-09-07,9.388566875656446
MarShawn Lloyd,RB,GB,DET,True,4700,2025-09-07,9.388566875656446
Dameon Pierce,RB,HOU,LAR,False,4700,2025-09-07,9.388566875656446
Trey Benson,RB,ARI,NO,False,4600,2025-09-07,9.388566875656446
Devin Singletary,RB,NYG,WAS,False,4600,2025-09-07,9.388566875656446
Tank Bigsby,RB,JAC,,False,4600,2025-09-07,9.388566875656446
Zack Moss,RB,CIN,CLE,False,4600,2025-09-07,9.388566875656446
Antonio Gibson,RB,NE,LV,True,4500,2025-09-07,9.388566875656446
Trevor Etienne,RB,CAR,JAX,False,4500,2025-09-07,9.388566875656446
Blake Corum,RB,LAR,HOU,True,4500,2025-09-07,9.388566875656446
Jarquez Hunter,RB,LAR,HOU,True,4500,2025-09-07,9.388566875656446
Alexander Mattison,RB,MIA,IND,False,4400,2025-09-07,9.388566875656446
Bhayshul Tuten,RB,JAC,,False,4400,2025-09-07,9.388566875656446
Pierre Strong Jr.,RB,CLE,CIN,True,4400,2025-09-07,9.388566875656446
Kenny McIntosh,RB,SEA,SF,True,4400,2025-09-07,9.388566875656446
Khalil Herbert,RB,IND,MIA,True,4300,2025-09-07,9.388566875656446
Kendre Miller,RB,NO,ARI,True,4300,2025-09-07,9.388566875656446
Cam Akers,RB,NO,ARI,True,4300,2025-09-07,9.388566875656446
Audric Estime,RB,DEN,TEN,True,4300,2025-09-07,9.388566875656446
Jordan James,RB,SF,SEA,False,4300,2025-09-07,9.388566875656446
Kenneth Gainwell,RB,PIT,NYJ,False,4200,2025-09-07,9.388566875656446
Ollie Gordon II,RB,MIA,IND,False,4200,2025-09-07,9.388566875656446
Emanuel Wilson,RB,GB,DET,True,4200,2025-09-07,9.388566875656446
Cordarrelle Patterson,RB,PIT,NYJ,False,4100,2025-09-07,9.388566875656446
Michael Carter,RB,ARI,NO,False,4100,2025-09-07,9.388566875656446
Samaje Perine,RB,CIN,CLE,False,4100,2025-09-07,9.388566875656446
Trayveon Williams,RB,CLE,CIN,True,4000,2025-09-07,9.388566875656446
Nate Noel,RB,IND,MIA,True,4000,2025-09-07,9.388566875656446
Lan Larison,RB,NE,LV,True,4000,2025-09-07,9.388566875656446
Terrell Jennings,RB,NE,LV,True,4000,2025-09-07,9.388566875656446
Brock Lampe,RB,NE,LV,True,4000,2025-09-07,9.388566875656446
Sincere McCormick,RB,LV,NE,False,4000,2025-09-07,9.388566875656446
Zamir White,RB,LV,NE,False,4000,2025-09-07,9.388566875656446
Dylan Laube,RB,LV,NE,False,4000,2025-09-07,9.388566875656446
Chris Collier,RB,LV,NE,False,4000,2025-09-07,9.388566875656446
Isaiah Davis,RB,NYJ,PIT,True,4000,2025-09-07,9.388566875656446
Trey Sermon,RB,PIT,NYJ,False,4000,2025-09-07,9.388566875656446
Evan Hull,RB,PIT,NYJ,False,4000,2025-09-07,9.388566875656446
Max Hurleman,RB,PIT,NYJ,False,4000,2025-09-07,9.388566875656446
Kene Nwangwu,RB,NYJ,PIT,True,4000,2025-09-07,9.388566875656446
Zach Evans,RB,NYJ,PIT,True,4000,2025-09-07,9.388566875656446
Donovan Edwards,RB,NYJ,PIT,True,4000,2025-09-07,9.388566875656446
Andrew Beck,RB,NYJ,PIT,True,4000,2025-09-07,9.388566875656446
Sean Tucker,RB,TB,ATL,False,4000,2025-09-07,9.388566875656446
D.J. Williams,RB,TB,ATL,False,4000,2025-09-07,9.388566875656446
Josh Williams,RB,TB,ATL,False,4000,2025-09-07,9.388566875656446
Carlos Washington Jr.,RB,ATL,TB,True,4000,2025-09-07,9.388566875656446
Elijah Dotson,RB,ATL,TB,True,4000,2025-09-07,9.388566875656446
Jashaun Corbin,RB,ATL,TB,True,4000,2025-09-07,9.388566875656446
Nathan Carter,RB,ATL,TB,True,4000,2025-09-07,9.388566875656446
Alec Ingold,RB,MIA,IND,False,4000,2025-09-07,9.388566875656446
Tyler Goodson,RB,IND,MIA,True,4000,2025-09-07,9.388566875656446
Salvon Ahmed,RB,IND,MIA,True,4000,2025-09-07,9.388566875656446
Ulysses Bentley IV,RB,IND,MIA,True,4000,2025-09-07,9.388566875656446
Emari Demercado,RB,ARI,NO,False,4000,2025-09-07,9.388566875656446
DeeJay Dallas,RB,ARI,NO,False,4000,2025-09-07,9.388566875656446
Zonovan Knight,RB,ARI,NO,False,4000,2025-09-07,9.388566875656446
Devin Neal,RB,NO,ARI,True,4000,2025-09-07,9.388566875656446
Velus Jones Jr.,RB,NO,ARI,True,4000,2025-09-07,9.388566875656446
Marcus Yarns,RB,NO,ARI,True,4000,2025-09-07,9.388566875656446
Clyde Edwards-Helaire,RB,NO,ARI,True,4000,2025-09-07,9.388566875656446
Chris Rodriguez Jr.,RB,WAS,NYG,True,4000,2025-09-07,9.388566875656446
Jeremy McNichols,RB,WAS,NYG,True,4000,2025-09-07,9.388566875656446
Jacory Croskey-Merritt,RB,WAS,NYG,True,4000,2025-09-07,9.388566875656446
Demetric Felton,RB,WAS,NYG,True,4000,2025-09-07,9.388566875656446
Eric Gray,RB,NYG,WAS,False,4000,2025-09-07,9.388566875656446
Dante Miller,RB,NYG,WAS,False,4000,2025-09-07,9.388566875656446
Rushawn Baker,RB,NYG,WAS,False,4000,2025-09-07,9.388566875656446
Kazmeir Allen,RB,WAS,NYG,True,4000,2025-09-07,9.388566875656446
Raheem Blackshear,RB,CAR,JAX,False,4000,2025-09-07,9.388566875656446
LeQuint Allen Jr.,RB,JAC,,False,4000,2025-09-07,9.388566875656446
Ja'Quinden Jackson,RB,JAC,,False,4000,2025-09-07,9.388566875656446
Emani Bailey,RB,CAR,JAX,False,4000,2025-09-07,9.388566875656446
Kay'Ron Lynch-Adams,RB,CAR,JAX,False,4000,2025-09-07,9.388566875656446
Jonathon Brooks,RB,CAR,JAX,False,4000,2025-09-07,9.388566875656446
Ahmani Marshall,RB,CLE,CIN,True,4000,2025-09-07,9.388566875656446
Troy Hairston,RB,CLE,CIN,True,4000,2025-09-07,9.388566875656446
Tahj Brooks,RB,CIN,CLE,False,4000,2025-09-07,9.388566875656446
Gary Brightwell,RB,CIN,CLE,False,4000,2025-09-07,9.388566875656446
Kendall Milton,RB,CIN,CLE,False,4000,2025-09-07,9.388566875656446
Quali Conley,RB,CIN,CLE,False,4000,2025-09-07,9.388566875656446
Jermar Jefferson,RB,TEN,DEN,False,4000,2025-09-07,9.388566875656446
Julius Chestnut,RB,TEN,DEN,False,4000,2025-09-07,9.388566875656446
Kalel Mullings,RB,TEN,DEN,False,4000,2025-09-07,9.388566875656446
Jordan Mims,RB,TEN,DEN,False,4000,2025-09-07,9.388566875656446
Tyler Badie,RB,DEN,TEN,True,4000,2025-09-07,9.388566875656446
Blake Watson,RB,DEN,TEN,True,4000,2025-09-07,9.388566875656446
Michael Burton,RB,DEN,TEN,True,4000,2025-09-07,9.388566875656446
Patrick Taylor Jr.,RB,SF,SEA,False,4000,2025-09-07,9.388566875656446
Damien Martinez,RB,SEA,SF,True,4000,2025-09-07,9.388566875656446
George Holani,RB,SEA,SF,True,4000,2025-09-07,9.388566875656446
Jacardia Wright,RB,SEA,SF,True,4000,2025-09-07,9.388566875656446
Robbie Ouzts,RB,SEA,SF,True,4000,2025-09-07,9.388566875656446
Corey Kiner,RB,SF,SEA,False,4000,2025-09-07,9.388566875656446
Kyle Juszczyk,RB,SF,SEA,False,4000,2025-09-07,9.388566875656446
Brady Russell,RB,SEA,SF,True,4000,2025-09-07,9.388566875656446
Chris Brooks,RB,GB,DET,True,4000,2025-09-07,9.388566875656446
Amar Johnson,RB,GB,DET,True,4000,2025-09-07,9.388566875656446
Jalen White,RB,GB,DET,True,4000,2025-09-07,9.388566875656446
Craig Reynolds,RB,DET,GB,False,4000,2025-09-07,9.388566875656446
Sione Vaki,RB,DET,GB,False,4000,2025-09-07,9.388566875656446
Kye Robichaux,RB,DET,GB,False,4000,2025-09-07,9.388566875656446
Jabari Small,RB,DET,GB,False,4000,2025-09-07,9.388566875656446
Ronnie Rivers,RB,LAR,HOU,True,4000,2025-09-07,9.388566875656446
Cody Schrader,RB,LAR,HOU,True,4000,2025-09-07,9.388566875656446
Jordan Waters,RB,LAR,HOU,True,4000,2025-09-07,9.388566875656446
Dare Ogunbowale,RB,HOU,LAR,False,4000,2025-09-07,9.388566875656446
J.J. Taylor,RB,HOU,LAR,False,4000,2025-09-07,9.388566875656446
British Brooks,RB,HOU,LAR,False,4000,2025-09-07,9.388566875656446
Jawhar Jordan,RB,HOU,LAR,False,4000,2025-09-07,9.388566875656446
Ja'Marr Chase,WR,CIN,CLE,False,8100,2025-09-07,5.550749986264441
Puka Nacua,WR,LAR,HOU,True,7600,2025-09-07,5.550749986264441
Nico Collins,WR,HOU,LAR,False,7400,2025-09-07,5.550749986264441
Amon-Ra St. Brown,WR,DET,GB,False,7100,2025-09-07,5.550749986264441
Malik Nabers,WR,NYG,WAS,False,7000,2025-09-07,5.550749986264441
Brian Thomas Jr.,WR,JAC,,False,6800,2025-09-07,5.550749986264441
Tyreek Hill,WR,MIA,IND,False,6700,2025-09-07,5.550749986264441
Mike Evans,WR,TB,ATL,False,6600,2025-09-07,5.550749986264441
Drake London,WR,ATL,TB,True,6500,2025-09-07,5.550749986264441
Tee Higgins,WR,CIN,CLE,False,6400,2025-09-07,5.550749986264441
Garrett Wilson,WR,NYJ,PIT,True,6300,2025-09-07,5.550749986264441
Terry McLaurin,WR,WAS,NYG,True,6200,2025-09-07,5.550749986264441
Davante Adams,WR,LAR,HOU,True,6100,2025-09-07,5.550749986264441
Courtland Sutton,WR,DEN,TEN,True,6000,2025-09-07,5.550749986264441
DK Metcalf,WR,PIT,NYJ,False,5900,2025-09-07,5.550749986264441
Jaxon Smith-Njigba,WR,SEA,SF,True,5800,2025-09-07,5.550749986264441
Jaylen Waddle,WR,MIA,IND,False,5700,2025-09-07,5.550749986264441
Chris Godwin,WR,TB,ATL,False,5600,2025-09-07,5.550749986264441
Marvin Harrison Jr.,WR,ARI,NO,False,5500,2025-09-07,5.550749986264441
Jameson Williams,WR,DET,GB,False,5500,2025-09-07,5.550749986264441
Jerry Jeudy,WR,CLE,CIN,True,5400,2025-09-07,5.550749986264441
Jayden Reed,WR,GB,DET,True,5400,2025-09-07,5.550749986264441
Stefon Diggs,WR,NE,LV,True,5300,2025-09-07,5.550749986264441
Cooper Kupp,WR,SEA,SF,True,5300,2025-09-07,5.550749986264441
Deebo Samuel Sr.,WR,WAS,NYG,True,5200,2025-09-07,5.550749986264441
Tetairoa McMillan,WR,CAR,JAX,False,5200,2025-09-07,5.550749986264441
Jakobi Meyers,WR,LV,NE,False,5100,2025-09-07,5.550749986264441
Chris Olave,WR,NO,ARI,True,5100,2025-09-07,5.550749986264441
Darnell Mooney,WR,ATL,TB,True,5000,2025-09-07,5.550749986264441
Travis Hunter,WR,JAC,,False,5000,2025-09-07,5.550749986264441
Calvin Ridley,WR,TEN,DEN,False,5000,2025-09-07,5.550749986264441
Michael Pittman Jr.,WR,IND,MIA,True,4900,2025-09-07,5.550749986264441
Jauan Jennings,WR,SF,SEA,False,4900,2025-09-07,5.550749986264441
Matthew Golden,WR,GB,DET,True,4900,2025-09-07,5.550749986264441
Brandon Aiyuk,WR,SF,SEA,False,4800,2025-09-07,5.550749986264441
Jayden Higgins,WR,HOU,LAR,False,4800,2025-09-07,5.550749986264441
Adam Thielen,WR,CAR,JAX,False,4700,2025-09-07,5.550749986264441
Christian Kirk,WR,HOU,LAR,False,4700,2025-09-07,5.550749986264441
Emeka Egbuka,WR,TB,ATL,False,4600,2025-09-07,5.550749986264441
Josh Downs,WR,IND,MIA,True,4600,2025-09-07,5.550749986264441
Rashid Shaheed,WR,NO,ARI,True,4600,2025-09-07,5.550749986264441
Wan'Dale Robinson,WR,NYG,WAS,False,4500,2025-09-07,5.550749986264441
Marvin Mims Jr.,WR,DEN,TEN,True,4500,2025-09-07,5.550749986264441
Ricky Pearsall,WR,SF,SEA,False,4500,2025-09-07,5.550749986264441
Calvin Austin III,WR,PIT,NYJ,False,4400,2025-09-07,5.550749986264441
Alec Pierce,WR,IND,MIA,True,4400,2025-09-07,5.550749986264441
Cedric Tillman,WR,CLE,CIN,True,4400,2025-09-07,5.550749986264441
Kyle Williams,WR,NE,LV,True,4300,2025-09-07,5.550749986264441
Dyami Brown,WR,JAC,,False,4300,2025-09-07,5.550749986264441
Romeo Doubs,WR,GB,DET,True,4300,2025-09-07,5.550749986264441
DeMario Douglas,WR,NE,LV,True,4200,2025-09-07,5.550749986264441
Michael Wilson,WR,ARI,NO,False,4200,2025-09-07,5.550749986264441
Xavier Legette,WR,CAR,JAX,False,4200,2025-09-07,5.550749986264441
Jack Bech,WR,LV,NE,False,4100,2025-09-07,5.550749986264441
Jalen McMillan,WR,TB,ATL,False,4100,2025-09-07,5.550749986264441
Brandin Cooks,WR,NO,ARI,True,4100,2025-09-07,5.550749986264441
Darius Slayton,WR,NYG,WAS,False,4000,2025-09-07,5.550749986264441
Tyler Lockett,WR,TEN,DEN,False,4000,2025-09-07,5.550749986264441
Christian Watson,WR,GB,DET,True,4000,2025-09-07,5.550749986264441
Allen Lazard,WR,NYJ,PIT,True,3900,2025-09-07,5.550749986264441
Diontae Johnson,WR,CLE,CIN,True,3900,2025-09-07,5.550749986264441
Devaughn Vele,WR,DEN,TEN,True,3900,2025-09-07,5.550749986264441
Demarcus Robinson,WR,SF,SEA,False,3900,2025-09-07,5.550749986264441
Kayshon Boutte,WR,NE,LV,True,3800,2025-09-07,5.550749986264441
Parker Washington,WR,JAC,,False,3800,2025-09-07,5.550749986264441
Marquez Valdes-Scantling,WR,SEA,SF,True,3800,2025-09-07,5.550749986264441
Jaylin Noel,WR,HOU,LAR,False,3800,2025-09-07,5.550749986264441
Ray-Ray McCloud III,WR,ATL,TB,True,3700,2025-09-07,5.550749986264441
Jaylin Lane,WR,WAS,NYG,True,3700,2025-09-07,5.550749986264441
Jalen Coker,WR,CAR,JAX,False,3700,2025-09-07,5.550749986264441
Andrei Iosivas,WR,CIN,CLE,False,3700,2025-09-07,5.550749986264441
Dont'e Thornton Jr.,WR,LV,NE,False,3600,2025-09-07,5.550749986264441
Tim Patrick,WR,DET,GB,False,3600,2025-09-07,5.550749986264441
John Metchie III,WR,HOU,LAR,False,3600,2025-09-07,5.550749986264441
Tutu Atwell,WR,LAR,HOU,True,3600,2025-09-07,5.550749986264441
Nick Westbrook-Ikhine,WR,MIA,IND,False,3500,2025-09-07,5.550749986264441
Greg Dortch,WR,ARI,NO,False,3500,2025-09-07,5.550749986264441
Luke McCaffrey,WR,WAS,NYG,True,3500,2025-09-07,5.550749986264441
Troy Franklin,WR,DEN,TEN,True,3500,2025-09-07,5.550749986264441
Jacob Cowing,WR,SF,SEA,False,3500,2025-09-07,5.550749986264441
Robert Woods,WR,PIT,NYJ,False,3400,2025-09-07,5.550749986264441
Adonai Mitchell,WR,IND,MIA,True,3400,2025-09-07,5.550749986264441
Van Jefferson,WR,TEN,DEN,False,3400,2025-09-07,5.550749986264441
Pat Bryant,WR,DEN,TEN,True,3400,2025-09-07,5.550749986264441
Dontayvion Wicks,WR,GB,DET,True,3400,2025-09-07,5.550749986264441
Kendrick Bourne,WR,NE,LV,True,3300,2025-09-07,5.550749986264441
Josh Reynolds,WR,NYJ,PIT,True,3300,2025-09-07,5.550749986264441
Zay Jones,WR,ARI,NO,False,3300,2025-09-07,5.550749986264441
Xavier Restrepo,WR,TEN,DEN,False,3300,2025-09-07,5.550749986264441
Jordan Watkins,WR,SF,SEA,False,3300,2025-09-07,5.550749986264441
Savion Williams,WR,GB,DET,True,3300,2025-09-07,5.550749986264441
KhaDarel Hodge,WR,ATL,TB,True,3200,2025-09-07,5.550749986264441
Malik Washington,WR,MIA,IND,False,3200,2025-09-07,5.550749986264441
Michael Gallup,WR,WAS,NYG,True,3200,2025-09-07,5.550749986264441
Hunter Renfrow,WR,CAR,JAX,False,3200,2025-09-07,5.550749986264441
Treylon Burks,WR,TEN,DEN,False,3200,2025-09-07,5.550749986264441
Kalif Raymond,WR,DET,GB,False,3200,2025-09-07,5.550749986264441
Tank Dell,WR,HOU,LAR,False,3200,2025-09-07,5.550749986264441
Tre Tucker,WR,LV,NE,False,3100,2025-09-07,5.550749986264441
Mack Hollins,WR,NE,LV,True,3100,2025-09-07,5.550749986264441
Sterling Shepard,WR,TB,ATL,False,3100,2025-09-07,5.550749986264441
Bub Means,WR,NO,ARI,True,3100,2025-09-07,5.550749986264441
Noah Brown,WR,WAS,NYG,True,3100,2025-09-07,5.550749986264441
Jermaine Burton,WR,CIN,CLE,False,3100,2025-09-07,5.550749986264441
Elic Ayomanor,WR,TEN,DEN,False,3100,2025-09-07,5.550749986264441
Isaac TeSlaa,WR,DET,GB,False,3100,2025-09-07,5.550749986264441
Jordan Whittington,WR,LAR,HOU,True,3100,2025-09-07,5.550749986264441
Donovan Peoples-Jones,WR,NO,ARI,True,3000,2025-09-07,5.550749986264441
Quintez Cephus,WR,HOU,LAR,False,3000,2025-09-07,5.550749986264441
Isaiah Neyor,WR,GB,DET,True,3000,2025-09-07,5.550749986264441
Phillip Dorsett II,WR,LV,NE,False,3000,2025-09-07,5.550749986264441
Seth Williams,WR,LV,NE,False,3000,2025-09-07,5.550749986264441
Ja'Lynn Polk,WR,NE,LV,True,3000,2025-09-07,5.550749986264441
Javon Baker,WR,NE,LV,True,3000,2025-09-07,5.550749986264441
Efton Chism III,WR,NE,LV,True,3000,2025-09-07,5.550749986264441
John Jiles,WR,NE,LV,True,3000,2025-09-07,5.550749986264441
DeMeer Blankumsee,WR,NE,LV,True,3000,2025-09-07,5.550749986264441
Jeremiah Webb,WR,NE,LV,True,3000,2025-09-07,5.550749986264441
Tommy Mellott,WR,LV,NE,False,3000,2025-09-07,5.550749986264441
Alex Bachman,WR,LV,NE,False,3000,2025-09-07,5.550749986264441
Collin Johnson,WR,LV,NE,False,3000,2025-09-07,5.550749986264441
Kyle Philips,WR,LV,NE,False,3000,2025-09-07,5.550749986264441
Shedrick Jackson,WR,LV,NE,False,3000,2025-09-07,5.550749986264441
Ketron Jackson Jr.,WR,LV,NE,False,3000,2025-09-07,5.550749986264441
Roman Wilson,WR,PIT,NYJ,False,3000,2025-09-07,5.550749986264441
Scotty Miller,WR,PIT,NYJ,False,3000,2025-09-07,5.550749986264441
Ben Skowronek,WR,PIT,NYJ,False,3000,2025-09-07,5.550749986264441
Brandon Johnson,WR,PIT,NYJ,False,3000,2025-09-07,5.550749986264441
Lance McCutcheon,WR,PIT,NYJ,False,3000,2025-09-07,5.550749986264441
Roc Taylor,WR,PIT,NYJ,False,3000,2025-09-07,5.550749986264441
Ke'Shawn Williams,WR,PIT,NYJ,False,3000,2025-09-07,5.550749986264441
Montana Lemonious-Craig,WR,PIT,NYJ,False,3000,2025-09-07,5.550749986264441
Malachi Corley,WR,NYJ,PIT,True,3000,2025-09-07,5.550749986264441
Arian Smith,WR,NYJ,PIT,True,3000,2025-09-07,5.550749986264441
Tyler Johnson,WR,NYJ,PIT,True,3000,2025-09-07,5.550749986264441
Xavier Gipson,WR,NYJ,PIT,True,3000,2025-09-07,5.550749986264441
Irvin Charles,WR,NYJ,PIT,True,3000,2025-09-07,5.550749986264441
Brandon Smith,WR,NYJ,PIT,True,3000,2025-09-07,5.550749986264441
Ontaria Wilson,WR,NYJ,PIT,True,3000,2025-09-07,5.550749986264441
Dymere Miller,WR,NYJ,PIT,True,3000,2025-09-07,5.550749986264441
Jamaal Pritchett,WR,NYJ,PIT,True,3000,2025-09-07,5.550749986264441
Quentin Skinner,WR,NYJ,PIT,True,3000,2025-09-07,5.550749986264441
Trey Palmer,WR,TB,ATL,False,3000,2025-09-07,5.550749986264441
Tez Johnson,WR,TB,ATL,False,3000,2025-09-07,5.550749986264441
Ryan Miller,WR,TB,ATL,False,3000,2025-09-07,5.550749986264441
Rakim Jarrett,WR,TB,ATL,False,3000,2025-09-07,5.550749986264441
Kameron Johnson,WR,TB,ATL,False,3000,2025-09-07,5.550749986264441
Dennis Houston,WR,TB,ATL,False,3000,2025-09-07,5.550749986264441
Garrett Greene,WR,TB,ATL,False,3000,2025-09-07,5.550749986264441
Casey Washington,WR,ATL,TB,True,3000,2025-09-07,5.550749986264441
Jamal Agnew,WR,ATL,TB,True,3000,2025-09-07,5.550749986264441
Chris Blair,WR,ATL,TB,True,3000,2025-09-07,5.550749986264441
Dylan Drummond,WR,ATL,TB,True,3000,2025-09-07,5.550749986264441
Jesse Matthews,WR,ATL,TB,True,3000,2025-09-07,5.550749986264441
David Sills V,WR,ATL,TB,True,3000,2025-09-07,5.550749986264441
Nick Nash,WR,ATL,TB,True,3000,2025-09-07,5.550749986264441
Makai Polk,WR,ATL,TB,True,3000,2025-09-07,5.550749986264441
Quincy Skinner Jr.,WR,ATL,TB,True,3000,2025-09-07,5.550749986264441
Dee Eskridge,WR,MIA,IND,False,3000,2025-09-07,5.550749986264441
Erik Ezukanma,WR,MIA,IND,False,3000,2025-09-07,5.550749986264441
Tahj Washington,WR,MIA,IND,False,3000,2025-09-07,5.550749986264441
Tarik Black,WR,MIA,IND,False,3000,2025-09-07,5.550749986264441
Theo Wease Jr.,WR,MIA,IND,False,3000,2025-09-07,5.550749986264441
Andrew Armstrong,WR,MIA,IND,False,3000,2025-09-07,5.550749986264441
Monaray Baldwin,WR,MIA,IND,False,3000,2025-09-07,5.550749986264441
A.J. Henning,WR,MIA,IND,False,3000,2025-09-07,5.550749986264441
Ashton Dulin,WR,IND,MIA,True,3000,2025-09-07,5.550749986264441
Anthony Gould,WR,IND,MIA,True,3000,2025-09-07,5.550749986264441
Laquon Treadwell,WR,IND,MIA,True,3000,2025-09-07,5.550749986264441
D.J. Montgomery,WR,IND,MIA,True,3000,2025-09-07,5.550749986264441
Ajou Ajou,WR,IND,MIA,True,3000,2025-09-07,5.550749986264441
Blayne Taylor,WR,IND,MIA,True,3000,2025-09-07,5.550749986264441
Landon Parker,WR,IND,MIA,True,3000,2025-09-07,5.550749986264441
Coleman Owen,WR,IND,MIA,True,3000,2025-09-07,5.550749986264441
Tyler Kahmann,WR,IND,MIA,True,3000,2025-09-07,5.550749986264441
Cedrick Wilson Jr.,WR,NO,ARI,True,3000,2025-09-07,5.550749986264441
Kevin Austin Jr.,WR,NO,ARI,True,3000,2025-09-07,5.550749986264441
Simi Fehoko,WR,ARI,NO,False,3000,2025-09-07,5.550749986264441
Xavier Weaver,WR,ARI,NO,False,3000,2025-09-07,5.550749986264441
Andre Baccellia,WR,ARI,NO,False,3000,2025-09-07,5.550749986264441
Tejhaun Palmer,WR,ARI,NO,False,3000,2025-09-07,5.550749986264441
Quez Watkins,WR,ARI,NO,False,3000,2025-09-07,5.550749986264441
Trishton Jackson,WR,ARI,NO,False,3000,2025-09-07,5.550749986264441
Bryson Green,WR,ARI,NO,False,3000,2025-09-07,5.550749986264441
Dante Pettis,WR,NO,ARI,True,3000,2025-09-07,5.550749986264441
Mason Tipton,WR,NO,ARI,True,3000,2025-09-07,5.550749986264441
Moochie Dixon,WR,NO,ARI,True,3000,2025-09-07,5.550749986264441
Chris Tyree,WR,NO,ARI,True,3000,2025-09-07,5.550749986264441
Tay Martin,WR,WAS,NYG,True,3000,2025-09-07,5.550749986264441
K.J. Osborn,WR,WAS,NYG,True,3000,2025-09-07,5.550749986264441
Chris Moore,WR,WAS,NYG,True,3000,2025-09-07,5.550749986264441
Mike Strachan,WR,WAS,NYG,True,3000,2025-09-07,5.550749986264441
Ja'Corey Brooks,WR,WAS,NYG,True,3000,2025-09-07,5.550749986264441
Jacoby Jones,WR,WAS,NYG,True,3000,2025-09-07,5.550749986264441
Jalin Hyatt,WR,NYG,WAS,False,3000,2025-09-07,5.550749986264441
Lil'Jordan Humphrey,WR,NYG,WAS,False,3000,2025-09-07,5.550749986264441
Zach Pascal,WR,NYG,WAS,False,3000,2025-09-07,5.550749986264441
Ihmir Smith-Marsette,WR,NYG,WAS,False,3000,2025-09-07,5.550749986264441
Bryce Ford-Wheaton,WR,NYG,WAS,False,3000,2025-09-07,5.550749986264441
Montrell Washington,WR,NYG,WAS,False,3000,2025-09-07,5.550749986264441
Da'Quan Felton,WR,NYG,WAS,False,3000,2025-09-07,5.550749986264441
Beaux Collins,WR,NYG,WAS,False,3000,2025-09-07,5.550749986264441
Juice Wells Jr.,WR,NYG,WAS,False,3000,2025-09-07,5.550749986264441
Jordan Bly,WR,NYG,WAS,False,3000,2025-09-07,5.550749986264441
Dalen Cambre,WR,NYG,WAS,False,3000,2025-09-07,5.550749986264441
David Moore,WR,CAR,JAX,False,3000,2025-09-07,5.550749986264441
Joshua Cephus,WR,JAC,,False,3000,2025-09-07,5.550749986264441
Austin Trammell,WR,JAC,,False,3000,2025-09-07,5.550749986264441
Trenton Irwin,WR,JAC,,False,3000,2025-09-07,5.550749986264441
Louis Rees-Zammit,WR,JAC,,False,3000,2025-09-07,5.550749986264441
Chandler Brayboy,WR,JAC,,False,3000,2025-09-07,5.550749986264441
Eli Pancol,WR,JAC,,False,3000,2025-09-07,5.550749986264441
Cam Camper,WR,JAC,,False,3000,2025-09-07,5.550749986264441
Dorian Singer,WR,JAC,,False,3000,2025-09-07,5.550749986264441
Darius Lassiter,WR,JAC,,False,3000,2025-09-07,5.550749986264441
J.J. Jones,WR,JAC,,False,3000,2025-09-07,5.550749986264441
Jimmy Horn Jr.,WR,CAR,JAX,False,3000,2025-09-07,5.550749986264441
Dan Chisena,WR,CAR,JAX,False,3000,2025-09-07,5.550749986264441
Brycen Tremayne,WR,CAR,JAX,False,3000,2025-09-07,5.550749986264441
T.J. Luther,WR,CAR,JAX,False,3000,2025-09-07,5.550749986264441
Kobe Hudson,WR,CAR,JAX,False,3000,2025-09-07,5.550749986264441
Jacolby George,WR,CAR,JAX,False,3000,2025-09-07,5.550749986264441
David Bell,WR,CLE,CIN,True,3000,2025-09-07,5.550749986264441
Jamari Thrash,WR,CLE,CIN,True,3000,2025-09-07,5.550749986264441
Michael Woods II,WR,CLE,CIN,True,3000,2025-09-07,5.550749986264441
DeAndre Carter,WR,CLE,CIN,True,3000,2025-09-07,5.550749986264441
Kaden Davis,WR,CLE,CIN,True,3000,2025-09-07,5.550749986264441
Luke Floriea,WR,CLE,CIN,True,3000,2025-09-07,5.550749986264441
Gage Larvadain,WR,CLE,CIN,True,3000,2025-09-07,5.550749986264441
Kisean Johnson,WR,CLE,CIN,True,3000,2025-09-07,5.550749986264441
Cade McDonald,WR,CLE,CIN,True,3000,2025-09-07,5.550749986264441
Charlie Jones,WR,CIN,CLE,False,3000,2025-09-07,5.550749986264441
Kendric Pryor,WR,CIN,CLE,False,3000,2025-09-07,5.550749986264441
Isaiah Williams,WR,CIN,CLE,False,3000,2025-09-07,5.550749986264441
Cole Burgess,WR,CIN,CLE,False,3000,2025-09-07,5.550749986264441
Mitchell Tinsley,WR,CIN,CLE,False,3000,2025-09-07,5.550749986264441
Rashod Owens,WR,CIN,CLE,False,3000,2025-09-07,5.550749986264441
Jordan Moore,WR,CIN,CLE,False,3000,2025-09-07,5.550749986264441
Jamoi Mayes,WR,CIN,CLE,False,3000,2025-09-07,5.550749986264441
Chimere Dike,WR,TEN,DEN,False,3000,2025-09-07,5.550749986264441
Mason Kinsey,WR,TEN,DEN,False,3000,2025-09-07,5.550749986264441
James Proche II,WR,TEN,DEN,False,3000,2025-09-07,5.550749986264441
Jha'Quan Jackson,WR,TEN,DEN,False,3000,2025-09-07,5.550749986264441
Colton Dowell,WR,TEN,DEN,False,3000,2025-09-07,5.550749986264441
Bryce Oliver,WR,TEN,DEN,False,3000,2025-09-07,5.550749986264441
TJ Sheffield,WR,TEN,DEN,False,3000,2025-09-07,5.550749986264441
Trent Sherfield Sr.,WR,DEN,TEN,True,3000,2025-09-07,5.550749986264441
A.T. Perry,WR,DEN,TEN,True,3000,2025-09-07,5.550749986264441
Michael Bandy,WR,DEN,TEN,True,3000,2025-09-07,5.550749986264441
Joaquin Davis,WR,DEN,TEN,True,3000,2025-09-07,5.550749986264441
Courtney Jackson,WR,DEN,TEN,True,3000,2025-09-07,5.550749986264441
Jerjuan Newton,WR,DEN,TEN,True,3000,2025-09-07,5.550749986264441
Kyrese Rowan,WR,DEN,TEN,True,3000,2025-09-07,5.550749986264441
Equanimeous St. Brown,WR,SF,SEA,False,3000,2025-09-07,5.550749986264441
John Rhys Plumlee,WR,SEA,SF,True,3000,2025-09-07,5.550749986264441
Tory Horton,WR,SEA,SF,True,3000,2025-09-07,5.550749986264441
Jake Bobo,WR,SEA,SF,True,3000,2025-09-07,5.550749986264441
Ricky White III,WR,SEA,SF,True,3000,2025-09-07,5.550749986264441
Steven Sims,WR,SEA,SF,True,3000,2025-09-07,5.550749986264441
Dareke Young,WR,SEA,SF,True,3000,2025-09-07,5.550749986264441
Cody White,WR,SEA,SF,True,3000,2025-09-07,5.550749986264441
Tyrone Broden,WR,SEA,SF,True,3000,2025-09-07,5.550749986264441
Montorie Foster Jr.,WR,SEA,SF,True,3000,2025-09-07,5.550749986264441
Junior Bergen,WR,SF,SEA,False,3000,2025-09-07,5.550749986264441
Russell Gage Jr.,WR,SF,SEA,False,3000,2025-09-07,5.550749986264441
Terique Owens,WR,SF,SEA,False,3000,2025-09-07,5.550749986264441
Isaiah Hodgins,WR,SF,SEA,False,3000,2025-09-07,5.550749986264441
Malik Knowles,WR,SF,SEA,False,3000,2025-09-07,5.550749986264441
Trent Taylor,WR,SF,SEA,False,3000,2025-09-07,5.550749986264441
Will Sheppard,WR,GB,DET,True,3000,2025-09-07,5.550749986264441
Malik Heath,WR,GB,DET,True,3000,2025-09-07,5.550749986264441
Bo Melton,WR,GB,DET,True,3000,2025-09-07,5.550749986264441
Mecole Hardman,WR,GB,DET,True,3000,2025-09-07,5.550749986264441
Julian Hicks,WR,GB,DET,True,3000,2025-09-07,5.550749986264441
Cornelius Johnson,WR,GB,DET,True,3000,2025-09-07,5.550749986264441
Sam Brown Jr.,WR,GB,DET,True,3000,2025-09-07,5.550749986264441
Dominic Lovett,WR,DET,GB,False,3000,2025-09-07,5.550749986264441
Tom Kennedy,WR,DET,GB,False,3000,2025-09-07,5.550749986264441
Ronnie Bell,WR,DET,GB,False,3000,2025-09-07,5.550749986264441
Malik Taylor,WR,DET,GB,False,3000,2025-09-07,5.550749986264441
Jackson Meeks,WR,DET,GB,False,3000,2025-09-07,5.550749986264441
Jakobie Keeney-James,WR,DET,GB,False,3000,2025-09-07,5.550749986264441
Xavier Hutchinson,WR,HOU,LAR,False,3000,2025-09-07,5.550749986264441
Konata Mumpfield,WR,LAR,HOU,True,3000,2025-09-07,5.550749986264441
Xavier Smith,WR,LAR,HOU,True,3000,2025-09-07,5.550749986264441
Britain Covey,WR,LAR,HOU,True,3000,2025-09-07,5.550749986264441
Tru Edwards,WR,LAR,HOU,True,3000,2025-09-07,5.550749986264441
Brennan Presley,WR,LAR,HOU,True,3000,2025-09-07,5.550749986264441
Mario Williams,WR,LAR,HOU,True,3000,2025-09-07,5.550749986264441
Drake Stoops,WR,LAR,HOU,True,3000,2025-09-07,5.550749986264441
Justin Watson,WR,HOU,LAR,False,3000,2025-09-07,5.550749986264441
Braxton Berrios,WR,HOU,LAR,False,3000,2025-09-07,5.550749986264441
Jared Wayne,WR,HOU,LAR,False,3000,2025-09-07,5.550749986264441
Johnny Johnson III,WR,HOU,LAR,False,3000,2025-09-07,5.550749986264441
Xavier Johnson,WR,HOU,LAR,False,3000,2025-09-07,5.550749986264441
Daniel Jackson,WR,HOU,LAR,False,3000,2025-09-07,5.550749986264441
Brock Bowers,TE,LV,NE,False,6500,2025-09-07,5.759944542740783
Trey McBride,TE,ARI,NO,False,6200,2025-09-07,5.759944542740783
George Kittle,TE,SF,SEA,False,5800,2025-09-07,5.759944542740783
Sam LaPorta,TE,DET,GB,False,5000,2025-09-07,5.759944542740783
David Njoku,TE,CLE,CIN,True,4700,2025-09-07,5.759944542740783
Evan Engram,TE,DEN,TEN,True,4500,2025-09-07,5.759944542740783
Tyler Warren,TE,IND,MIA,True,4400,2025-09-07,5.759944542740783
Kyle Pitts Sr.,TE,ATL,TB,True,4300,2025-09-07,5.759944542740783
Jonnu Smith,TE,PIT,NYJ,False,4200,2025-09-07,5.759944542740783
Zach Ertz,TE,WAS,NYG,True,4100,2025-09-07,5.759944542740783
Tucker Kraft,TE,GB,DET,True,4000,2025-09-07,5.759944542740783
Hunter Henry,TE,NE,LV,True,3900,2025-09-07,5.759944542740783
Cade Otton,TE,TB,ATL,False,3800,2025-09-07,5.759944542740783
Taysom Hill,TE,NO,ARI,True,3700,2025-09-07,5.759944542740783
Mike Gesicki,TE,CIN,CLE,False,3600,2025-09-07,5.759944542740783
Darren Waller,TE,MIA,IND,False,3500,2025-09-07,5.759944542740783
Dalton Schultz,TE,HOU,LAR,False,3500,2025-09-07,5.759944542740783
Chig Okonkwo,TE,TEN,DEN,False,3400,2025-09-07,5.759944542740783
Tyler Higbee,TE,LAR,HOU,True,3400,2025-09-07,5.759944542740783
Juwan Johnson,TE,NO,ARI,True,3300,2025-09-07,5.759944542740783
Brenton Strange,TE,JAC,,False,3300,2025-09-07,5.759944542740783
Pat Freiermuth,TE,PIT,NYJ,False,3200,2025-09-07,5.759944542740783
Terrance Ferguson,TE,LAR,HOU,True,3200,2025-09-07,5.759944542740783
Mason Taylor,TE,NYJ,PIT,True,3100,2025-09-07,5.759944542740783
Harold Fannin Jr.,TE,CLE,CIN,True,3100,2025-09-07,5.759944542740783
Michael Mayer,TE,LV,NE,False,3000,2025-09-07,5.759944542740783
Theo Johnson,TE,NYG,WAS,False,3000,2025-09-07,5.759944542740783
Austin Hooper,TE,NE,LV,True,2900,2025-09-07,5.759944542740783
Ja'Tavion Sanders,TE,CAR,JAX,False,2900,2025-09-07,5.759944542740783
Adam Trautman,TE,DEN,TEN,True,2800,2025-09-07,5.759944542740783
AJ Barner,TE,SEA,SF,True,2800,2025-09-07,5.759944542740783
Luke Musgrave,TE,GB,DET,True,2800,2025-09-07,5.759944542740783
Julian Hill,TE,MIA,IND,False,2700,2025-09-07,5.759944542740783
Foster Moreau,TE,NO,ARI,True,2700,2025-09-07,5.759944542740783
Elijah Arroyo,TE,SEA,SF,True,2700,2025-09-07,5.759944542740783
Payne Durham,TE,TB,ATL,False,2600,2025-09-07,5.759944542740783
Gunnar Helm,TE,TEN,DEN,False,2600,2025-09-07,5.759944542740783
Cade Stover,TE,HOU,LAR,False,2600,2025-09-07,5.759944542740783
Mason Pline,TE,NO,ARI,True,2500,2025-09-07,5.759944542740783
Albert Okwuegbunam Jr.,TE,LV,NE,False,2500,2025-09-07,5.759944542740783
Jaheim Bell,TE,NE,LV,True,2500,2025-09-07,5.759944542740783
Jack Westover,TE,NE,LV,True,2500,2025-09-07,5.759944542740783
CJ Dippre,TE,NE,LV,True,2500,2025-09-07,5.759944542740783
Gee Scott Jr.,TE,NE,LV,True,2500,2025-09-07,5.759944542740783
Ian Thomas,TE,LV,NE,False,2500,2025-09-07,5.759944542740783
Justin Shorter,TE,LV,NE,False,2500,2025-09-07,5.759944542740783
Qadir Ismail,TE,LV,NE,False,2500,2025-09-07,5.759944542740783
Carter Runyon,TE,LV,NE,False,2500,2025-09-07,5.759944542740783
Pat Conroy,TE,LV,NE,False,2500,2025-09-07,5.759944542740783
Stone Smartt,TE,NYJ,PIT,True,2500,2025-09-07,5.759944542740783
Darnell Washington,TE,PIT,NYJ,False,2500,2025-09-07,5.759944542740783
Connor Heyward,TE,PIT,NYJ,False,2500,2025-09-07,5.759944542740783
JJ Galbreath,TE,PIT,NYJ,False,2500,2025-09-07,5.759944542740783
Donald Parham Jr.,TE,PIT,NYJ,False,2500,2025-09-07,5.759944542740783
DJ Thomas-Jones,TE,PIT,NYJ,False,2500,2025-09-07,5.759944542740783
Jeremy Ruckert,TE,NYJ,PIT,True,2500,2025-09-07,5.759944542740783
Zack Kuntz,TE,NYJ,PIT,True,2500,2025-09-07,5.759944542740783
Neal Johnson,TE,NYJ,PIT,True,2500,2025-09-07,5.759944542740783
Devin Culp,TE,TB,ATL,False,2500,2025-09-07,5.759944542740783
Ko Kieft,TE,TB,ATL,False,2500,2025-09-07,5.759944542740783
Tanner Taula,TE,TB,ATL,False,2500,2025-09-07,5.759944542740783
Evan Deckers,TE,TB,ATL,False,2500,2025-09-07,5.759944542740783
Charlie Woerner,TE,ATL,TB,True,2500,2025-09-07,5.759944542740783
Feleipe Franks,TE,ATL,TB,True,2500,2025-09-07,5.759944542740783
Teagan Quitoriano,TE,ATL,TB,True,2500,2025-09-07,5.759944542740783
Nikola Kalinic,TE,ATL,TB,True,2500,2025-09-07,5.759944542740783
Joshua Simon,TE,ATL,TB,True,2500,2025-09-07,5.759944542740783
Pharaoh Brown,TE,MIA,IND,False,2500,2025-09-07,5.759944542740783
Tanner Conner,TE,MIA,IND,False,2500,2025-09-07,5.759944542740783
Hayden Rucci,TE,MIA,IND,False,2500,2025-09-07,5.759944542740783
Jalin Conyers,TE,MIA,IND,False,2500,2025-09-07,5.759944542740783
Mo Alie-Cox,TE,IND,MIA,True,2500,2025-09-07,5.759944542740783
Drew Ogletree,TE,IND,MIA,True,2500,2025-09-07,5.759944542740783
Jelani Woods,TE,IND,MIA,True,2500,2025-09-07,5.759944542740783
Will Mallory,TE,IND,MIA,True,2500,2025-09-07,5.759944542740783
Sean McKeon,TE,IND,MIA,True,2500,2025-09-07,5.759944542740783
Maximilian Mang,TE,IND,MIA,True,2500,2025-09-07,5.759944542740783
Tip Reiman,TE,ARI,NO,False,2500,2025-09-07,5.759944542740783
Elijah Higgins,TE,ARI,NO,False,2500,2025-09-07,5.759944542740783
Josiah Deguara,TE,ARI,NO,False,2500,2025-09-07,5.759944542740783
Travis Vokolek,TE,ARI,NO,False,2500,2025-09-07,5.759944542740783
Oscar Cardenas,TE,ARI,NO,False,2500,2025-09-07,5.759944542740783
Jack Stoll,TE,NO,ARI,True,2500,2025-09-07,5.759944542740783
Moliki Matavao,TE,NO,ARI,True,2500,2025-09-07,5.759944542740783
Michael Jacobson,TE,NO,ARI,True,2500,2025-09-07,5.759944542740783
Seth Green,TE,NO,ARI,True,2500,2025-09-07,5.759944542740783
Treyton Welch,TE,NO,ARI,True,2500,2025-09-07,5.759944542740783
Zach Wood,TE,NO,ARI,True,2500,2025-09-07,5.759944542740783
John Bates,TE,WAS,NYG,True,2500,2025-09-07,5.759944542740783
Ben Sinnott,TE,WAS,NYG,True,2500,2025-09-07,5.759944542740783
Colson Yankoff,TE,WAS,NYG,True,2500,2025-09-07,5.759944542740783
Tyree Jackson,TE,WAS,NYG,True,2500,2025-09-07,5.759944542740783
Lawrence Cager,TE,WAS,NYG,True,2500,2025-09-07,5.759944542740783
Cole Turner,TE,WAS,NYG,True,2500,2025-09-07,5.759944542740783
Tyler Ott,TE,WAS,NYG,True,2500,2025-09-07,5.759944542740783
Daniel Bellinger,TE,NYG,WAS,False,2500,2025-09-07,5.759944542740783
Chris Manhertz,TE,NYG,WAS,False,2500,2025-09-07,5.759944542740783
Greg Dulcich,TE,NYG,WAS,False,2500,2025-09-07,5.759944542740783
Thomas Fidone II,TE,NYG,WAS,False,2500,2025-09-07,5.759944542740783
Jermaine Terry II,TE,NYG,WAS,False,2500,2025-09-07,5.759944542740783
Tyler Mabry,TE,CAR,JAX,False,2500,2025-09-07,5.759944542740783
Tommy Tremble,TE,CAR,JAX,False,2500,2025-09-07,5.759944542740783
Hunter Long,TE,JAC,,False,2500,2025-09-07,5.759944542740783
Johnny Mundt,TE,JAC,,False,2500,2025-09-07,5.759944542740783
Quintin Morris,TE,JAC,,False,2500,2025-09-07,5.759944542740783
Shawn Bowman,TE,JAC,,False,2500,2025-09-07,5.759944542740783
Patrick Herbert,TE,JAC,,False,2500,2025-09-07,5.759944542740783
John Copenhaver,TE,JAC,,False,2500,2025-09-07,5.759944542740783
Mitchell Evans,TE,CAR,JAX,False,2500,2025-09-07,5.759944542740783
Dominique Dafney,TE,CAR,JAX,False,2500,2025-09-07,5.759944542740783
James Mitchell,TE,CAR,JAX,False,2500,2025-09-07,5.759944542740783
Bryce Pierre,TE,CAR,JAX,False,2500,2025-09-07,5.759944542740783
Blake Whiteheart,TE,CLE,CIN,True,2500,2025-09-07,5.759944542740783
Brenden Bates,TE,CLE,CIN,True,2500,2025-09-07,5.759944542740783
Sal Cannella,TE,CLE,CIN,True,2500,2025-09-07,5.759944542740783
Brent Matiscik,TE,CLE,CIN,True,2500,2025-09-07,5.759944542740783
Drew Sample,TE,CIN,CLE,False,2500,2025-09-07,5.759944542740783
Erick All Jr.,TE,CIN,CLE,False,2500,2025-09-07,5.759944542740783
Tanner Hudson,TE,CIN,CLE,False,2500,2025-09-07,5.759944542740783
Tanner McLachlan,TE,CIN,CLE,False,2500,2025-09-07,5.759944542740783
Cam Grandy,TE,CIN,CLE,False,2500,2025-09-07,5.759944542740783
Kole Taylor,TE,CIN,CLE,False,2500,2025-09-07,5.759944542740783
William Wagner,TE,CIN,CLE,False,2500,2025-09-07,5.759944542740783
Cal Adomitis,TE,CIN,CLE,False,2500,2025-09-07,5.759944542740783
Josh Whyle,TE,TEN,DEN,False,2500,2025-09-07,5.759944542740783
David Martin-Robinson,TE,TEN,DEN,False,2500,2025-09-07,5.759944542740783
Thomas Odukoya,TE,TEN,DEN,False,2500,2025-09-07,5.759944542740783
Drake Dabney,TE,TEN,DEN,False,2500,2025-09-07,5.759944542740783
Lucas Krull,TE,DEN,TEN,True,2500,2025-09-07,5.759944542740783
Nate Adkins,TE,DEN,TEN,True,2500,2025-09-07,5.759944542740783
Caleb Lohner,TE,DEN,TEN,True,2500,2025-09-07,5.759944542740783
Caden Prieskorn,TE,DEN,TEN,True,2500,2025-09-07,5.759944542740783
Mitchell Fraboni,TE,DEN,TEN,True,2500,2025-09-07,5.759944542740783
Eric Saubert,TE,SEA,SF,True,2500,2025-09-07,5.759944542740783
Nick Kallerup,TE,SEA,SF,True,2500,2025-09-07,5.759944542740783
Marshall Lang,TE,SEA,SF,True,2500,2025-09-07,5.759944542740783
Luke Farrell,TE,SF,SEA,False,2500,2025-09-07,5.759944542740783
Ross Dwelley,TE,SF,SEA,False,2500,2025-09-07,5.759944542740783
Brayden Willis,TE,SF,SEA,False,2500,2025-09-07,5.759944542740783
Jake Tonges,TE,SF,SEA,False,2500,2025-09-07,5.759944542740783
Ben Sims,TE,GB,DET,True,2500,2025-09-07,5.759944542740783
John FitzPatrick,TE,GB,DET,True,2500,2025-09-07,5.759944542740783
Messiah Swinson,TE,GB,DET,True,2500,2025-09-07,5.759944542740783
Johnny Lumpkin,TE,GB,DET,True,2500,2025-09-07,5.759944542740783
Brock Wright,TE,DET,GB,False,2500,2025-09-07,5.759944542740783
Kenny Yeboah,TE,DET,GB,False,2500,2025-09-07,5.759944542740783
Shane Zylstra,TE,DET,GB,False,2500,2025-09-07,5.759944542740783
Luke Deal,TE,DET,GB,False,2500,2025-09-07,5.759944542740783
Zach Horton,TE,DET,GB,False,2500,2025-09-07,5.759944542740783
Colby Parkinson,TE,LAR,HOU,True,2500,2025-09-07,5.759944542740783
Davis Allen,TE,LAR,HOU,True,2500,2025-09-07,5.759944542740783
Mark Redman,TE,LAR,HOU,True,2500,2025-09-07,5.759944542740783
Anthony Torres,TE,LAR,HOU,True,2500,2025-09-07,5.759944542740783
Brevin Jordan,TE,HOU,LAR,False,2500,2025-09-07,5.759944542740783
Luke Lachey,TE,HOU,LAR,False,2500,2025-09-07,5.759944542740783
Irv Smith Jr.,TE,HOU,LAR,False,2500,2025-09-07,5.759944542740783
Jakob Johnson,TE,HOU,LAR,False,2500,2025-09-07,5.759944542740783
Broncos,DST,DEN,TEN,True,3800,2025-09-07,0.276
Commanders,DST,WAS,NYG,True,3700,2025-09-07,0.276
Bengals,DST,CIN,CLE,False,3600,2025-09-07,0.276
Cardinals,DST,ARI,NO,False,3500,2025-09-07,0.276
Rams,DST,LAR,HOU,True,3400,2025-09-07,0.276
Steelers,DST,PIT,NYJ,False,3300,2025-09-07,0.276
Jaguars,DST,JAC,,False,3200,2025-09-07,0.276
Patriots,DST,NE,LV,True,3100,2025-09-07,0.276
Buccaneers,DST,TB,ATL,False,3000,2025-09-07,0.276
49ers,DST,SF,SEA,False,2900,2025-09-07,0.276
Packers,DST,GB,DET,True,2900,2025-09-07,0.276
Jets,DST,NYJ,PIT,True,2800,2025-09-07,0.276
Colts,DST,IND,MIA,True,2800,2025-09-07,0.276
Dolphins,DST,MIA,IND,False,2700,2025-09-07,0.276
Lions,DST,DET,GB,False,2700,2025-09-07,0.276
Raiders,DST,LV,NE,False,2600,2025-09-07,0.276
Falcons,DST,ATL,TB,True,2600,2025-09-07,0.276
Seahawks,DST,SEA,SF,True,2500,2025-09-07,0.276
Texans,DST,HOU,LAR,False,2500,2025-09-07,0.276
Saints,DST,NO,ARI,True,2400,2025-09-07,0.276
Panthers,DST,CAR,JAX,False,2400,2025-09-07,0.276
Giants,DST,NYG,WAS,False,2300,2025-09-07,0.276
Browns,DST,CLE,CIN,True,2300,2025-09-07,0.276
Titans,DST,TEN,DEN,False,2200,2025-09-07,0.276
